TagID,Type,Description,DrawingRef,ParentFrame
AQS-2301,Tunnel Air Monitoring Sensor,MA004 - Tunnel Air Monitoring Sensor Installation,300190-Mechanical-Tunnels-Progress Drawings.pdf,
AQS-2302,Tunnel Air Monitoring Sensor,MA004 - Tunnel Air Monitoring Sensor Installation,300190-Mechanical-Tunnels-Progress Drawings.pdf,
AQS-2303,Tunnel Air Monitoring Sensor,MA004 - Tunnel Air Monitoring Sensor Installation,300190-Mechanical-Tunnels-Progress Drawings.pdf,
AQS-2304,Tunnel Air Monitoring Sensor,MA004 - Tunnel Air Monitoring Sensor Installation,300190-Mechanical-Tunnels-Progress Drawings.pdf,
AQS-2305,Tunnel Air Monitoring Sensor,MA004 - Tunnel Air Monitoring Sensor Installation,300190-Mechanical-Tunnels-Progress Drawings.pdf,
AQS-2306,Tunnel Air Monitoring Sensor,MA004 - Tunnel Air Monitoring Sensor Installation,300190-Mechanical-Tunnels-Progress Drawings.pdf,
AQS-2307,Tunnel Air Monitoring Sensor,MA004 - Tunnel Air Monitoring Sensor Installation,300190-Mechanical-Tunnels-Progress Drawings.pdf,
AQS-2308,Tunnel Air Monitoring Sensor,MA004 - Tunnel Air Monitoring Sensor Installation,300190-Mechanical-Tunnels-Progress Drawings.pdf,
AQS-2309,Tunnel Air Monitoring Sensor,MA004 - Tunnel Air Monitoring Sensor Installation,300190-Mechanical-Tunnels-Progress Drawings.pdf,
AQS-3801,Tunnel Air Monitoring Sensor,MA004 - Tunnel Air Monitoring Sensor Installation,300190-Mechanical-Tunnels-Progress Drawings.pdf,
AQS-5550,Tunnel Air Monitoring Sensor,MA004 - Tunnel Air Monitoring Sensor Installation,300190-Mechanical-Tunnels-Progress Drawings.pdf,
AQS-5551,Tunnel Air Monitoring Sensor,MA004 - Tunnel Air Monitoring Sensor Installation,300190-Mechanical-Tunnels-Progress Drawings.pdf,
AQS-5552,Tunnel Air Monitoring Sensor,MA004 - Tunnel Air Monitoring Sensor Installation,300190-Mechanical-Tunnels-Progress Drawings.pdf,
AQS-5553,Tunnel Air Monitoring Sensor,MA004 - Tunnel Air Monitoring Sensor Installation,300190-Mechanical-Tunnels-Progress Drawings.pdf,
AQS-5554,Tunnel Air Monitoring Sensor,MA004 - Tunnel Air Monitoring Sensor Installation,300190-Mechanical-Tunnels-Progress Drawings.pdf,
AQS-5555,Tunnel Air Monitoring Sensor,MA004 - Tunnel Air Monitoring Sensor Installation,300190-Mechanical-Tunnels-Progress Drawings.pdf,
AQS-5651,Tunnel Air Monitoring Sensor,MA004 - Tunnel Air Monitoring Sensor Installation,300190-Mechanical-Tunnels-Progress Drawings.pdf,
AQS-5652,Tunnel Air Monitoring Sensor,MA004 - Tunnel Air Monitoring Sensor Installation,300190-Mechanical-Tunnels-Progress Drawings.pdf,
AQS-5653,Tunnel Air Monitoring Sensor,MA004 - Tunnel Air Monitoring Sensor Installation,300190-Mechanical-Tunnels-Progress Drawings.pdf,
AQS-5654,Tunnel Air Monitoring Sensor,MA004 - Tunnel Air Monitoring Sensor Installation,300190-Mechanical-Tunnels-Progress Drawings.pdf,
AQS-5655,Tunnel Air Monitoring Sensor,MA004 - Tunnel Air Monitoring Sensor Installation,300190-Mechanical-Tunnels-Progress Drawings.pdf,
AQS-7150,Tunnel Air Monitoring Sensor,MA004 - Tunnel Air Monitoring Sensor Installation,300190-Mechanical-Tunnels-Progress Drawings.pdf,
AQS-8925,Tunnel Air Monitoring Sensor,MA004 - Tunnel Air Monitoring Sensor Installation,300190-Mechanical-Tunnels-Progress Drawings.pdf,
AQS-8926,Tunnel Air Monitoring Sensor,MA004 - Tunnel Air Monitoring Sensor Installation,300190-Mechanical-Tunnels-Progress Drawings.pdf,
AQS-8927,Tunnel Air Monitoring Sensor,MA004 - Tunnel Air Monitoring Sensor Installation,300190-Mechanical-Tunnels-Progress Drawings.pdf,
AQS-8928,Tunnel Air Monitoring Sensor,MA004 - Tunnel Air Monitoring Sensor Installation,300190-Mechanical-Tunnels-Progress Drawings.pdf,
AQS-8929,Tunnel Air Monitoring Sensor,MA004 - Tunnel Air Monitoring Sensor Installation,300190-Mechanical-Tunnels-Progress Drawings.pdf,
AQS-8930,Tunnel Air Monitoring Sensor,MA004 - Tunnel Air Monitoring Sensor Installation,300190-Mechanical-Tunnels-Progress Drawings.pdf,
ATE-9250-1,Sound Attenuator,MA006 - Sound Attenuator Installation,300190-Mechanical-Tunnels-Progress Drawings.pdf,
ATE-9250-2,Sound Attenuator,MA006 - Sound Attenuator Installation,300190-Mechanical-Tunnels-Progress Drawings.pdf,
ATE-9250-3,Sound Attenuator,MA006 - Sound Attenuator Installation,300190-Mechanical-Tunnels-Progress Drawings.pdf,
ATE-9250-4,Sound Attenuator,MA006 - Sound Attenuator Installation,300190-Mechanical-Tunnels-Progress Drawings.pdf,
ATE-9250-5,Sound Attenuator,MA006 - Sound Attenuator Installation,300190-Mechanical-Tunnels-Progress Drawings.pdf,
ATE-9251-1,Sound Attenuator,MA006 - Sound Attenuator Installation,300190-Mechanical-Tunnels-Progress Drawings.pdf,
ATE-9251-2,Sound Attenuator,MA006 - Sound Attenuator Installation,300190-Mechanical-Tunnels-Progress Drawings.pdf,
ATE-9251-3,Sound Attenuator,MA006 - Sound Attenuator Installation,300190-Mechanical-Tunnels-Progress Drawings.pdf,
ATE-9251-4,Sound Attenuator,MA006 - Sound Attenuator Installation,300190-Mechanical-Tunnels-Progress Drawings.pdf,
ATE-9251-5,Sound Attenuator,MA006 - Sound Attenuator Installation,300190-Mechanical-Tunnels-Progress Drawings.pdf,
ATE-9251-6,Sound Attenuator,MA006 - Sound Attenuator Installation,300190-Mechanical-Tunnels-Progress Drawings.pdf,
ATE-9550-1,Sound Attenuator,MA006 - Sound Attenuator Installation,300190-Mechanical-Tunnels-Progress Drawings.pdf,
ATE-9550-2,Sound Attenuator,MA006 - Sound Attenuator Installation,300190-Mechanical-Tunnels-Progress Drawings.pdf,
ATE-9700-1,Sound Attenuator,MA006 - Sound Attenuator Installation,300190-Mechanical-Tunnels-Progress Drawings.pdf,
ATE-9700-2,Sound Attenuator,MA006 - Sound Attenuator Installation,300190-Mechanical-Tunnels-Progress Drawings.pdf,
ATE-9700-3,Sound Attenuator,MA006 - Sound Attenuator Installation,300190-Mechanical-Tunnels-Progress Drawings.pdf,
ATE-9700-4,Sound Attenuator,MA006 - Sound Attenuator Installation,300190-Mechanical-Tunnels-Progress Drawings.pdf,
ATE-9701-1,Sound Attenuator,MA006 - Sound Attenuator Installation,300190-Mechanical-Tunnels-Progress Drawings.pdf,
ATE-9701-2,Sound Attenuator,MA006 - Sound Attenuator Installation,300190-Mechanical-Tunnels-Progress Drawings.pdf,
ATE-9701-3,Sound Attenuator,MA006 - Sound Attenuator Installation,300190-Mechanical-Tunnels-Progress Drawings.pdf,
ATE-9701-4,Sound Attenuator,MA006 - Sound Attenuator Installation,300190-Mechanical-Tunnels-Progress Drawings.pdf,
ATE-9701-5,Sound Attenuator,MA006 - Sound Attenuator Installation,300190-Mechanical-Tunnels-Progress Drawings.pdf,
ATT-9250-1,Sound Attenuator,MA006 - Sound Attenuator Installation,300190-Mechanical-Tunnels-Progress Drawings.pdf,
ATT-9250-2,Sound Attenuator,MA006 - Sound Attenuator Installation,300190-Mechanical-Tunnels-Progress Drawings.pdf,
ATT-9250-3,Sound Attenuator,MA006 - Sound Attenuator Installation,300190-Mechanical-Tunnels-Progress Drawings.pdf,
ATT-9250-4,Sound Attenuator,MA006 - Sound Attenuator Installation,300190-Mechanical-Tunnels-Progress Drawings.pdf,
ATT-9250-5,Sound Attenuator,MA006 - Sound Attenuator Installation,300190-Mechanical-Tunnels-Progress Drawings.pdf,
ATT-9251-1,Sound Attenuator,MA006 - Sound Attenuator Installation,300190-Mechanical-Tunnels-Progress Drawings.pdf,
ATT-9251-2,Sound Attenuator,MA006 - Sound Attenuator Installation,300190-Mechanical-Tunnels-Progress Drawings.pdf,
ATT-9251-3,Sound Attenuator,MA006 - Sound Attenuator Installation,300190-Mechanical-Tunnels-Progress Drawings.pdf,
ATT-9251-4,Sound Attenuator,MA006 - Sound Attenuator Installation,300190-Mechanical-Tunnels-Progress Drawings.pdf,
ATT-9251-5,Sound Attenuator,MA006 - Sound Attenuator Installation,300190-Mechanical-Tunnels-Progress Drawings.pdf,
ATT-9251-6,Sound Attenuator,MA006 - Sound Attenuator Installation,300190-Mechanical-Tunnels-Progress Drawings.pdf,
ATT-9550-1,Sound Attenuator,MA006 - Sound Attenuator Installation,300190-Mechanical-Tunnels-Progress Drawings.pdf,
ATT-9550-2,Sound Attenuator,MA006 - Sound Attenuator Installation,300190-Mechanical-Tunnels-Progress Drawings.pdf,
ATT-9700-1,Sound Attenuator,MA006 - Sound Attenuator Installation,300190-Mechanical-Tunnels-Progress Drawings.pdf,
ATT-9700-2,Sound Attenuator,MA006 - Sound Attenuator Installation,300190-Mechanical-Tunnels-Progress Drawings.pdf,
ATT-9700-3,Sound Attenuator,MA006 - Sound Attenuator Installation,300190-Mechanical-Tunnels-Progress Drawings.pdf,
ATT-9700-4,Sound Attenuator,MA006 - Sound Attenuator Installation,300190-Mechanical-Tunnels-Progress Drawings.pdf,
ATT-9701-1,Sound Attenuator,MA006 - Sound Attenuator Installation,300190-Mechanical-Tunnels-Progress Drawings.pdf,
ATT-9701-2,Sound Attenuator,MA006 - Sound Attenuator Installation,300190-Mechanical-Tunnels-Progress Drawings.pdf,
ATT-9701-3,Sound Attenuator,MA006 - Sound Attenuator Installation,300190-Mechanical-Tunnels-Progress Drawings.pdf,
ATT-9701-4,Sound Attenuator,MA006 - Sound Attenuator Installation,300190-Mechanical-Tunnels-Progress Drawings.pdf,
ATT-9701-5,Sound Attenuator,MA006 - Sound Attenuator Installation,300190-Mechanical-Tunnels-Progress Drawings.pdf,
AVS-2301,Tunnel Air Monitoring Sensor,MA004 - Tunnel Air Monitoring Sensor Installation,300190-Mechanical-Tunnels-Progress Drawings.pdf,
AVS-2302,Tunnel Air Monitoring Sensor,MA004 - Tunnel Air Monitoring Sensor Installation,300190-Mechanical-Tunnels-Progress Drawings.pdf,
AVS-2303,Tunnel Air Monitoring Sensor,MA004 - Tunnel Air Monitoring Sensor Installation,300190-Mechanical-Tunnels-Progress Drawings.pdf,
AVS-2304,Tunnel Air Monitoring Sensor,MA004 - Tunnel Air Monitoring Sensor Installation,300190-Mechanical-Tunnels-Progress Drawings.pdf,
AVS-2305,Tunnel Air Monitoring Sensor,MA004 - Tunnel Air Monitoring Sensor Installation,300190-Mechanical-Tunnels-Progress Drawings.pdf,
AVS-2306,Tunnel Air Monitoring Sensor,MA004 - Tunnel Air Monitoring Sensor Installation,300190-Mechanical-Tunnels-Progress Drawings.pdf,
AVS-2307,Tunnel Air Monitoring Sensor,MA004 - Tunnel Air Monitoring Sensor Installation,300190-Mechanical-Tunnels-Progress Drawings.pdf,
AVS-2308,Tunnel Air Monitoring Sensor,MA004 - Tunnel Air Monitoring Sensor Installation,300190-Mechanical-Tunnels-Progress Drawings.pdf,
AVS-2309,Tunnel Air Monitoring Sensor,MA004 - Tunnel Air Monitoring Sensor Installation,300190-Mechanical-Tunnels-Progress Drawings.pdf,
AVS-2310,Tunnel Air Monitoring Sensor,MA004 - Tunnel Air Monitoring Sensor Installation,300190-Mechanical-Tunnels-Progress Drawings.pdf,
AVS-3801,Tunnel Air Monitoring Sensor,MA004 - Tunnel Air Monitoring Sensor Installation,300190-Mechanical-Tunnels-Progress Drawings.pdf,
AVS-3802,Tunnel Air Monitoring Sensor,MA004 - Tunnel Air Monitoring Sensor Installation,300190-Mechanical-Tunnels-Progress Drawings.pdf,
AVS-5651,Tunnel Air Monitoring Sensor,MA004 - Tunnel Air Monitoring Sensor Installation,300190-Mechanical-Tunnels-Progress Drawings.pdf,
AVS-5652,Tunnel Air Monitoring Sensor,MA004 - Tunnel Air Monitoring Sensor Installation,300190-Mechanical-Tunnels-Progress Drawings.pdf,
AVS-5653,Tunnel Air Monitoring Sensor,MA004 - Tunnel Air Monitoring Sensor Installation,300190-Mechanical-Tunnels-Progress Drawings.pdf,
AVS-5654,Tunnel Air Monitoring Sensor,MA004 - Tunnel Air Monitoring Sensor Installation,300190-Mechanical-Tunnels-Progress Drawings.pdf,
AVS-5655,Tunnel Air Monitoring Sensor,MA004 - Tunnel Air Monitoring Sensor Installation,300190-Mechanical-Tunnels-Progress Drawings.pdf,
AVS-5656,Tunnel Air Monitoring Sensor,MA004 - Tunnel Air Monitoring Sensor Installation,300190-Mechanical-Tunnels-Progress Drawings.pdf,
AVS-5657,Tunnel Air Monitoring Sensor,MA004 - Tunnel Air Monitoring Sensor Installation,300190-Mechanical-Tunnels-Progress Drawings.pdf,
AVS-7150,Tunnel Air Monitoring Sensor,MA004 - Tunnel Air Monitoring Sensor Installation,300190-Mechanical-Tunnels-Progress Drawings.pdf,
AVS-7151,Tunnel Air Monitoring Sensor,MA004 - Tunnel Air Monitoring Sensor Installation,300190-Mechanical-Tunnels-Progress Drawings.pdf,
AVS-9700,Building Air Monitoring Sensor,MA013 - Building Air Monitoring Sensor Installation,300190-Mechanical-Tunnels-Progress Drawings.pdf,
AVS-9701,Building Air Monitoring Sensor,MA013 - Building Air Monitoring Sensor Installation,300190-Mechanical-Tunnels-Progress Drawings.pdf,
AVS-9702,Building Air Monitoring Sensor,MA013 - Building Air Monitoring Sensor Installation,300190-Mechanical-Tunnels-Progress Drawings.pdf,
AVS-9703,Building Air Monitoring Sensor,MA013 - Building Air Monitoring Sensor Installation,300190-Mechanical-Tunnels-Progress Drawings.pdf,
BFM-0225,Monorail and Supports,MA011 - Monorail and Supports Installation,300190-Mechanical-Tunnels-Progress Drawings.pdf,
BFM-0377,Monorail and Supports,MA011 - Monorail and Supports Installation,300190-Mechanical-Tunnels-Progress Drawings.pdf,
BFM-0378,Monorail and Supports,MA011 - Monorail and Supports Installation,300190-Mechanical-Tunnels-Progress Drawings.pdf,
FBM-9250,Bellmouth,MA009 - Bellmouth Installation,300190-Mechanical-Tunnels-Progress Drawings.pdf,
FBM-9251,Bellmouth,MA009 - Bellmouth Installation,300190-Mechanical-Tunnels-Progress Drawings.pdf,
FBM-9252,Bellmouth,MA009 - Bellmouth Installation,300190-Mechanical-Tunnels-Progress Drawings.pdf,
FBM-9253,Bellmouth,MA009 - Bellmouth Installation,300190-Mechanical-Tunnels-Progress Drawings.pdf,
FBM-9254,Bellmouth,MA009 - Bellmouth Installation,300190-Mechanical-Tunnels-Progress Drawings.pdf,
FBM-9255,Bellmouth,MA009 - Bellmouth Installation,300190-Mechanical-Tunnels-Progress Drawings.pdf,
FBM-9256,Bellmouth,MA009 - Bellmouth Installation,300190-Mechanical-Tunnels-Progress Drawings.pdf,
FBM-9257,Bellmouth,MA009 - Bellmouth Installation,300190-Mechanical-Tunnels-Progress Drawings.pdf,
FBM-9258,Bellmouth,MA009 - Bellmouth Installation,300190-Mechanical-Tunnels-Progress Drawings.pdf,
FBM-9259,Bellmouth,MA009 - Bellmouth Installation,300190-Mechanical-Tunnels-Progress Drawings.pdf,
FBM-9550,Bellmouth,MA009 - Bellmouth Installation,300190-Mechanical-Tunnels-Progress Drawings.pdf,
FBM-9551,Bellmouth,MA009 - Bellmouth Installation,300190-Mechanical-Tunnels-Progress Drawings.pdf,
FBM-9552,Bellmouth,MA009 - Bellmouth Installation,300190-Mechanical-Tunnels-Progress Drawings.pdf,
FBM-9553,Bellmouth,MA009 - Bellmouth Installation,300190-Mechanical-Tunnels-Progress Drawings.pdf,
FBM-9700,Bellmouth,MA009 - Bellmouth Installation,300190-Mechanical-Tunnels-Progress Drawings.pdf,
FBM-9701,Bellmouth,MA009 - Bellmouth Installation,300190-Mechanical-Tunnels-Progress Drawings.pdf,
FBM-9702,Bellmouth,MA009 - Bellmouth Installation,300190-Mechanical-Tunnels-Progress Drawings.pdf,
FBM-9703,Bellmouth,MA009 - Bellmouth Installation,300190-Mechanical-Tunnels-Progress Drawings.pdf,
FBM-9704,Bellmouth,MA009 - Bellmouth Installation,300190-Mechanical-Tunnels-Progress Drawings.pdf,
FBM-9705,Bellmouth,MA009 - Bellmouth Installation,300190-Mechanical-Tunnels-Progress Drawings.pdf,
FBM-9706,Bellmouth,MA009 - Bellmouth Installation,300190-Mechanical-Tunnels-Progress Drawings.pdf,
FBM-9707,Bellmouth,MA009 - Bellmouth Installation,300190-Mechanical-Tunnels-Progress Drawings.pdf,
FBM-9708,Bellmouth,MA009 - Bellmouth Installation,300190-Mechanical-Tunnels-Progress Drawings.pdf,
FBM-9709,Bellmouth,MA009 - Bellmouth Installation,300190-Mechanical-Tunnels-Progress Drawings.pdf,
FBM-9710,Bellmouth,MA009 - Bellmouth Installation,300190-Mechanical-Tunnels-Progress Drawings.pdf,
FLT-9001,Pressure and Flow Transmitters,MA014 - Pressure and Flow Transmitters Installation,300190-Mechanical-Tunnels-Progress Drawings.pdf,
FLT-9002,Pressure and Flow Transmitters,MA014 - Pressure and Flow Transmitters Installation,300190-Mechanical-Tunnels-Progress Drawings.pdf,
FLT-9003,Pressure and Flow Transmitters,MA014 - Pressure and Flow Transmitters Installation,300190-Mechanical-Tunnels-Progress Drawings.pdf,
FLT-9004,Pressure and Flow Transmitters,MA014 - Pressure and Flow Transmitters Installation,300190-Mechanical-Tunnels-Progress Drawings.pdf,
FLT-9005,Pressure and Flow Transmitters,MA014 - Pressure and Flow Transmitters Installation,300190-Mechanical-Tunnels-Progress Drawings.pdf,
FLT-9006,Pressure and Flow Transmitters,MA014 - Pressure and Flow Transmitters Installation,300190-Mechanical-Tunnels-Progress Drawings.pdf,
FLT-9007,Pressure and Flow Transmitters,MA014 - Pressure and Flow Transmitters Installation,300190-Mechanical-Tunnels-Progress Drawings.pdf,
FLT-9008,Pressure and Flow Transmitters,MA014 - Pressure and Flow Transmitters Installation,300190-Mechanical-Tunnels-Progress Drawings.pdf,
FLT-9009,Pressure and Flow Transmitters,MA014 - Pressure and Flow Transmitters Installation,300190-Mechanical-Tunnels-Progress Drawings.pdf,
FLT-9010,Pressure and Flow Transmitters,MA014 - Pressure and Flow Transmitters Installation,300190-Mechanical-Tunnels-Progress Drawings.pdf,
FLT-9011,Pressure and Flow Transmitters,MA014 - Pressure and Flow Transmitters Installation,300190-Mechanical-Tunnels-Progress Drawings.pdf,
FLT-9012,Pressure and Flow Transmitters,MA014 - Pressure and Flow Transmitters Installation,300190-Mechanical-Tunnels-Progress Drawings.pdf,
FLT-9013,Pressure and Flow Transmitters,MA014 - Pressure and Flow Transmitters Installation,300190-Mechanical-Tunnels-Progress Drawings.pdf,
FLT-9014,Pressure and Flow Transmitters,MA014 - Pressure and Flow Transmitters Installation,300190-Mechanical-Tunnels-Progress Drawings.pdf,
FLT-9015,Pressure and Flow Transmitters,MA014 - Pressure and Flow Transmitters Installation,300190-Mechanical-Tunnels-Progress Drawings.pdf,
FLT-9016,Pressure and Flow Transmitters,MA014 - Pressure and Flow Transmitters Installation,300190-Mechanical-Tunnels-Progress Drawings.pdf,
FLT-9017,Pressure and Flow Transmitters,MA014 - Pressure and Flow Transmitters Installation,300190-Mechanical-Tunnels-Progress Drawings.pdf,
FLT-9018,Pressure and Flow Transmitters,MA014 - Pressure and Flow Transmitters Installation,300190-Mechanical-Tunnels-Progress Drawings.pdf,
FLT-9019,Pressure and Flow Transmitters,MA014 - Pressure and Flow Transmitters Installation,300190-Mechanical-Tunnels-Progress Drawings.pdf,
FLT-9020,Pressure and Flow Transmitters,MA014 - Pressure and Flow Transmitters Installation,300190-Mechanical-Tunnels-Progress Drawings.pdf,
FLT-9021,Pressure and Flow Transmitters,MA014 - Pressure and Flow Transmitters Installation,300190-Mechanical-Tunnels-Progress Drawings.pdf,
FLT-9022,Pressure and Flow Transmitters,MA014 - Pressure and Flow Transmitters Installation,300190-Mechanical-Tunnels-Progress Drawings.pdf,
FLT-9023,Pressure and Flow Transmitters,MA014 - Pressure and Flow Transmitters Installation,300190-Mechanical-Tunnels-Progress Drawings.pdf,
FLT-9024,Pressure and Flow Transmitters,MA014 - Pressure and Flow Transmitters Installation,300190-Mechanical-Tunnels-Progress Drawings.pdf,
FLT-9025,Pressure and Flow Transmitters,MA014 - Pressure and Flow Transmitters Installation,300190-Mechanical-Tunnels-Progress Drawings.pdf,
FSF-9250,Axial Fan Support Frame,MA007 - Axial Fan Support Frame Installation,300190-Mechanical-Tunnels-Progress Drawings.pdf,
FSF-9251,Axial Fan Support Frame,MA007 - Axial Fan Support Frame Installation,300190-Mechanical-Tunnels-Progress Drawings.pdf,
FSF-9252,Axial Fan Support Frame,MA007 - Axial Fan Support Frame Installation,300190-Mechanical-Tunnels-Progress Drawings.pdf,
FSF-9253,Axial Fan Support Frame,MA007 - Axial Fan Support Frame Installation,300190-Mechanical-Tunnels-Progress Drawings.pdf,
FSF-9254,Axial Fan Support Frame,MA007 - Axial Fan Support Frame Installation,300190-Mechanical-Tunnels-Progress Drawings.pdf,
FSF-9255,Axial Fan Support Frame,MA007 - Axial Fan Support Frame Installation,300190-Mechanical-Tunnels-Progress Drawings.pdf,
FSF-9256,Axial Fan Support Frame,MA007 - Axial Fan Support Frame Installation,300190-Mechanical-Tunnels-Progress Drawings.pdf,
FSF-9257,Axial Fan Support Frame,MA007 - Axial Fan Support Frame Installation,300190-Mechanical-Tunnels-Progress Drawings.pdf,
FSF-9258,Axial Fan Support Frame,MA007 - Axial Fan Support Frame Installation,300190-Mechanical-Tunnels-Progress Drawings.pdf,
FSF-9259,Axial Fan Support Frame,MA007 - Axial Fan Support Frame Installation,300190-Mechanical-Tunnels-Progress Drawings.pdf,
FSF-9600,Axial Fan Support Frame,MA007 - Axial Fan Support Frame Installation,300190-Mechanical-Tunnels-Progress Drawings.pdf,
FSF-9601,Axial Fan Support Frame,MA007 - Axial Fan Support Frame Installation,300190-Mechanical-Tunnels-Progress Drawings.pdf,
FSF-9602,Axial Fan Support Frame,MA007 - Axial Fan Support Frame Installation,300190-Mechanical-Tunnels-Progress Drawings.pdf,
FSF-9603,Axial Fan Support Frame,MA007 - Axial Fan Support Frame Installation,300190-Mechanical-Tunnels-Progress Drawings.pdf,
FSF-9700,Axial Fan Support Frame,MA007 - Axial Fan Support Frame Installation,300190-Mechanical-Tunnels-Progress Drawings.pdf,
FSF-9701,Axial Fan Support Frame,MA007 - Axial Fan Support Frame Installation,300190-Mechanical-Tunnels-Progress Drawings.pdf,
FSF-9702,Axial Fan Support Frame,MA007 - Axial Fan Support Frame Installation,300190-Mechanical-Tunnels-Progress Drawings.pdf,
FSF-9703,Axial Fan Support Frame,MA007 - Axial Fan Support Frame Installation,300190-Mechanical-Tunnels-Progress Drawings.pdf,
FSF-9704,Axial Fan Support Frame,MA007 - Axial Fan Support Frame Installation,300190-Mechanical-Tunnels-Progress Drawings.pdf,
FSF-9705,Axial Fan Support Frame,MA007 - Axial Fan Support Frame Installation,300190-Mechanical-Tunnels-Progress Drawings.pdf,
FSF-9706,Axial Fan Support Frame,MA007 - Axial Fan Support Frame Installation,300190-Mechanical-Tunnels-Progress Drawings.pdf,
FSF-9707,Axial Fan Support Frame,MA007 - Axial Fan Support Frame Installation,300190-Mechanical-Tunnels-Progress Drawings.pdf,
FSF-9708,Axial Fan Support Frame,MA007 - Axial Fan Support Frame Installation,300190-Mechanical-Tunnels-Progress Drawings.pdf,
FSF-9709,Axial Fan Support Frame,MA007 - Axial Fan Support Frame Installation,300190-Mechanical-Tunnels-Progress Drawings.pdf,
FSF-9710,Axial Fan Support Frame,MA007 - Axial Fan Support Frame Installation,300190-Mechanical-Tunnels-Progress Drawings.pdf,
FTD-9250,Transition Ductwork,MA012 - Transition Ductwork Installation,300190-Mechanical-Tunnels-Progress Drawings.pdf,
FTD-9251,Transition Ductwork,MA012 - Transition Ductwork Installation,300190-Mechanical-Tunnels-Progress Drawings.pdf,
FTD-9252,Transition Ductwork,MA012 - Transition Ductwork Installation,300190-Mechanical-Tunnels-Progress Drawings.pdf,
FTD-9253,Transition Ductwork,MA012 - Transition Ductwork Installation,300190-Mechanical-Tunnels-Progress Drawings.pdf,
FTD-9254,Transition Ductwork,MA012 - Transition Ductwork Installation,300190-Mechanical-Tunnels-Progress Drawings.pdf,
FTD-9255,Transition Ductwork,MA012 - Transition Ductwork Installation,300190-Mechanical-Tunnels-Progress Drawings.pdf,
FTD-9256,Transition Ductwork,MA012 - Transition Ductwork Installation,300190-Mechanical-Tunnels-Progress Drawings.pdf,
FTD-9257,Transition Ductwork,MA012 - Transition Ductwork Installation,300190-Mechanical-Tunnels-Progress Drawings.pdf,
FTD-9258,Transition Ductwork,MA012 - Transition Ductwork Installation,300190-Mechanical-Tunnels-Progress Drawings.pdf,
FTD-9259,Transition Ductwork,MA012 - Transition Ductwork Installation,300190-Mechanical-Tunnels-Progress Drawings.pdf,
FTD-9550,Transition Ductwork,MA012 - Transition Ductwork Installation,300190-Mechanical-Tunnels-Progress Drawings.pdf,
FTD-9551,Transition Ductwork,MA012 - Transition Ductwork Installation,300190-Mechanical-Tunnels-Progress Drawings.pdf,
FTD-9552,Transition Ductwork,MA012 - Transition Ductwork Installation,300190-Mechanical-Tunnels-Progress Drawings.pdf,
FTD-9553,Transition Ductwork,MA012 - Transition Ductwork Installation,300190-Mechanical-Tunnels-Progress Drawings.pdf,
FTD-9700,Transition Ductwork,MA012 - Transition Ductwork Installation,300190-Mechanical-Tunnels-Progress Drawings.pdf,
FTD-9701,Transition Ductwork,MA012 - Transition Ductwork Installation,300190-Mechanical-Tunnels-Progress Drawings.pdf,
FTD-9702,Transition Ductwork,MA012 - Transition Ductwork Installation,300190-Mechanical-Tunnels-Progress Drawings.pdf,
FTD-9703,Transition Ductwork,MA012 - Transition Ductwork Installation,300190-Mechanical-Tunnels-Progress Drawings.pdf,
FTD-9704,Transition Ductwork,MA012 - Transition Ductwork Installation,300190-Mechanical-Tunnels-Progress Drawings.pdf,
FTD-9705,Transition Ductwork,MA012 - Transition Ductwork Installation,300190-Mechanical-Tunnels-Progress Drawings.pdf,
FTD-9706,Transition Ductwork,MA012 - Transition Ductwork Installation,300190-Mechanical-Tunnels-Progress Drawings.pdf,
FTD-9707,Transition Ductwork,MA012 - Transition Ductwork Installation,300190-Mechanical-Tunnels-Progress Drawings.pdf,
FTD-9708,Transition Ductwork,MA012 - Transition Ductwork Installation,300190-Mechanical-Tunnels-Progress Drawings.pdf,
FTD-9709,Transition Ductwork,MA012 - Transition Ductwork Installation,300190-Mechanical-Tunnels-Progress Drawings.pdf,
FTD-9710,Transition Ductwork,MA012 - Transition Ductwork Installation,300190-Mechanical-Tunnels-Progress Drawings.pdf,
IDT-9250,TVS Damper,MA005 - TVS Damper Installation,300190-Mechanical-Tunnels-Progress Drawings.pdf,
IDT-9251,TVS Damper,MA005 - TVS Damper Installation,300190-Mechanical-Tunnels-Progress Drawings.pdf,
IDT-9252,TVS Damper,MA005 - TVS Damper Installation,300190-Mechanical-Tunnels-Progress Drawings.pdf,
JFN-2300,Jet Fan Top Frame,MA002 - Jet Fan Top Frame Installation,300190-Mechanical-Tunnels-Progress Drawings.pdf,
JFN-2301,Jet Fan Top Frame,MA002 - Jet Fan Top Frame Installation,300190-Mechanical-Tunnels-Progress Drawings.pdf,
JFN-2302,Jet Fan Top Frame,MA002 - Jet Fan Top Frame Installation,300190-Mechanical-Tunnels-Progress Drawings.pdf,
JFN-2303,Jet Fan Top Frame,MA002 - Jet Fan Top Frame Installation,300190-Mechanical-Tunnels-Progress Drawings.pdf,
JFN-2304,Jet Fan Top Frame,MA002 - Jet Fan Top Frame Installation,300190-Mechanical-Tunnels-Progress Drawings.pdf,
JFN-2305,Jet Fan Top Frame,MA002 - Jet Fan Top Frame Installation,300190-Mechanical-Tunnels-Progress Drawings.pdf,
JFN-2306,Jet Fan Top Frame,MA002 - Jet Fan Top Frame Installation,300190-Mechanical-Tunnels-Progress Drawings.pdf,
JFN-2307,Jet Fan Top Frame,MA002 - Jet Fan Top Frame Installation,300190-Mechanical-Tunnels-Progress Drawings.pdf,
JFN-2308,Jet Fan Top Frame,MA002 - Jet Fan Top Frame Installation,300190-Mechanical-Tunnels-Progress Drawings.pdf,
JFN-2309,Jet Fan Top Frame,MA002 - Jet Fan Top Frame Installation,300190-Mechanical-Tunnels-Progress Drawings.pdf,
JFN-2310,Jet Fan Top Frame,MA002 - Jet Fan Top Frame Installation,300190-Mechanical-Tunnels-Progress Drawings.pdf,
JFN-2311,Jet Fan Top Frame,MA002 - Jet Fan Top Frame Installation,300190-Mechanical-Tunnels-Progress Drawings.pdf,
JFN-2312,Jet Fan Top Frame,MA002 - Jet Fan Top Frame Installation,300190-Mechanical-Tunnels-Progress Drawings.pdf,
JFN-2313,Jet Fan Top Frame,MA002 - Jet Fan Top Frame Installation,300190-Mechanical-Tunnels-Progress Drawings.pdf,
JFN-2314,Jet Fan Top Frame,MA002 - Jet Fan Top Frame Installation,300190-Mechanical-Tunnels-Progress Drawings.pdf,
JFN-2315,Jet Fan Top Frame,MA002 - Jet Fan Top Frame Installation,300190-Mechanical-Tunnels-Progress Drawings.pdf,
JFN-2316,Jet Fan Top Frame,MA002 - Jet Fan Top Frame Installation,300190-Mechanical-Tunnels-Progress Drawings.pdf,
JFN-2317,Jet Fan Top Frame,MA002 - Jet Fan Top Frame Installation,300190-Mechanical-Tunnels-Progress Drawings.pdf,
JFN-2318,Jet Fan Top Frame,MA002 - Jet Fan Top Frame Installation,300190-Mechanical-Tunnels-Progress Drawings.pdf,
JFN-2319,Jet Fan Top Frame,MA002 - Jet Fan Top Frame Installation,300190-Mechanical-Tunnels-Progress Drawings.pdf,
JFN-2320,Jet Fan Top Frame,MA002 - Jet Fan Top Frame Installation,300190-Mechanical-Tunnels-Progress Drawings.pdf,
JFN-2321,Jet Fan Top Frame,MA002 - Jet Fan Top Frame Installation,300190-Mechanical-Tunnels-Progress Drawings.pdf,
JFN-2322,Jet Fan Top Frame,MA002 - Jet Fan Top Frame Installation,300190-Mechanical-Tunnels-Progress Drawings.pdf,
JFN-2323,Jet Fan Top Frame,MA002 - Jet Fan Top Frame Installation,300190-Mechanical-Tunnels-Progress Drawings.pdf,
JFN-2324,Jet Fan Top Frame,MA002 - Jet Fan Top Frame Installation,300190-Mechanical-Tunnels-Progress Drawings.pdf,
JFN-2325,Jet Fan Top Frame,MA002 - Jet Fan Top Frame Installation,300190-Mechanical-Tunnels-Progress Drawings.pdf,
JFN-2326,Jet Fan Top Frame,MA002 - Jet Fan Top Frame Installation,300190-Mechanical-Tunnels-Progress Drawings.pdf,
JFN-2327,Jet Fan Top Frame,MA002 - Jet Fan Top Frame Installation,300190-Mechanical-Tunnels-Progress Drawings.pdf,
JFN-2328,Jet Fan Top Frame,MA002 - Jet Fan Top Frame Installation,300190-Mechanical-Tunnels-Progress Drawings.pdf,
JFN-2329,Jet Fan Top Frame,MA002 - Jet Fan Top Frame Installation,300190-Mechanical-Tunnels-Progress Drawings.pdf,
JFN-2330,Jet Fan Top Frame,MA002 - Jet Fan Top Frame Installation,300190-Mechanical-Tunnels-Progress Drawings.pdf,
JFN-2331,Jet Fan Top Frame,MA002 - Jet Fan Top Frame Installation,300190-Mechanical-Tunnels-Progress Drawings.pdf,
JFN-2332,Jet Fan Top Frame,MA002 - Jet Fan Top Frame Installation,300190-Mechanical-Tunnels-Progress Drawings.pdf,
JFN-2333,Jet Fan Top Frame,MA002 - Jet Fan Top Frame Installation,300190-Mechanical-Tunnels-Progress Drawings.pdf,
JFN-2334,Jet Fan Top Frame,MA002 - Jet Fan Top Frame Installation,300190-Mechanical-Tunnels-Progress Drawings.pdf,
JFN-2335,Jet Fan Top Frame,MA002 - Jet Fan Top Frame Installation,300190-Mechanical-Tunnels-Progress Drawings.pdf,
JFN-2336,Jet Fan Top Frame,MA002 - Jet Fan Top Frame Installation,300190-Mechanical-Tunnels-Progress Drawings.pdf,
JFN-2337,Jet Fan Top Frame,MA002 - Jet Fan Top Frame Installation,300190-Mechanical-Tunnels-Progress Drawings.pdf,
JFN-2338,Jet Fan Top Frame,MA002 - Jet Fan Top Frame Installation,300190-Mechanical-Tunnels-Progress Drawings.pdf,
JFN-2339,Jet Fan Top Frame,MA002 - Jet Fan Top Frame Installation,300190-Mechanical-Tunnels-Progress Drawings.pdf,
JFN-2340,Jet Fan Top Frame,MA002 - Jet Fan Top Frame Installation,300190-Mechanical-Tunnels-Progress Drawings.pdf,
JFN-2341,Jet Fan Top Frame,MA002 - Jet Fan Top Frame Installation,300190-Mechanical-Tunnels-Progress Drawings.pdf,
JFN-2342,Jet Fan Top Frame,MA002 - Jet Fan Top Frame Installation,300190-Mechanical-Tunnels-Progress Drawings.pdf,
JFN-2343,Jet Fan Top Frame,MA002 - Jet Fan Top Frame Installation,300190-Mechanical-Tunnels-Progress Drawings.pdf,
JFN-2344,Jet Fan Top Frame,MA002 - Jet Fan Top Frame Installation,300190-Mechanical-Tunnels-Progress Drawings.pdf,
JFN-2345,Jet Fan Top Frame,MA002 - Jet Fan Top Frame Installation,300190-Mechanical-Tunnels-Progress Drawings.pdf,
JFN-2346,Jet Fan Top Frame,MA002 - Jet Fan Top Frame Installation,300190-Mechanical-Tunnels-Progress Drawings.pdf,
JFN-2347,Jet Fan Top Frame,MA002 - Jet Fan Top Frame Installation,300190-Mechanical-Tunnels-Progress Drawings.pdf,
JFN-2348,Jet Fan Top Frame,MA002 - Jet Fan Top Frame Installation,300190-Mechanical-Tunnels-Progress Drawings.pdf,
JFN-2349,Jet Fan Top Frame,MA002 - Jet Fan Top Frame Installation,300190-Mechanical-Tunnels-Progress Drawings.pdf,
JFN-2350,Jet Fan Top Frame,MA002 - Jet Fan Top Frame Installation,300190-Mechanical-Tunnels-Progress Drawings.pdf,
JFN-2351,Jet Fan Top Frame,MA002 - Jet Fan Top Frame Installation,300190-Mechanical-Tunnels-Progress Drawings.pdf,
JFN-2352,Jet Fan Top Frame,MA002 - Jet Fan Top Frame Installation,300190-Mechanical-Tunnels-Progress Drawings.pdf,
JFN-2353,Jet Fan Top Frame,MA002 - Jet Fan Top Frame Installation,300190-Mechanical-Tunnels-Progress Drawings.pdf,
JFN-2354,Jet Fan Top Frame,MA002 - Jet Fan Top Frame Installation,300190-Mechanical-Tunnels-Progress Drawings.pdf,
JFN-2355,Jet Fan Top Frame,MA002 - Jet Fan Top Frame Installation,300190-Mechanical-Tunnels-Progress Drawings.pdf,
JFN-2356,Jet Fan Top Frame,MA002 - Jet Fan Top Frame Installation,300190-Mechanical-Tunnels-Progress Drawings.pdf,
JFN-2357,Jet Fan Top Frame,MA002 - Jet Fan Top Frame Installation,300190-Mechanical-Tunnels-Progress Drawings.pdf,
JFN-2358,Jet Fan Top Frame,MA002 - Jet Fan Top Frame Installation,300190-Mechanical-Tunnels-Progress Drawings.pdf,
JFN-2359,Jet Fan Top Frame,MA002 - Jet Fan Top Frame Installation,300190-Mechanical-Tunnels-Progress Drawings.pdf,
JFN-2360,Jet Fan Top Frame,MA002 - Jet Fan Top Frame Installation,300190-Mechanical-Tunnels-Progress Drawings.pdf,
JFN-2361,Jet Fan Top Frame,MA002 - Jet Fan Top Frame Installation,300190-Mechanical-Tunnels-Progress Drawings.pdf,
JFN-2362,Jet Fan Top Frame,MA002 - Jet Fan Top Frame Installation,300190-Mechanical-Tunnels-Progress Drawings.pdf,
JFN-2363,Jet Fan Top Frame,MA002 - Jet Fan Top Frame Installation,300190-Mechanical-Tunnels-Progress Drawings.pdf,
JFN-2364,Jet Fan Top Frame,MA002 - Jet Fan Top Frame Installation,300190-Mechanical-Tunnels-Progress Drawings.pdf,
JFN-2365,Jet Fan Top Frame,MA002 - Jet Fan Top Frame Installation,300190-Mechanical-Tunnels-Progress Drawings.pdf,
JFN-2366,Jet Fan Top Frame,MA002 - Jet Fan Top Frame Installation,300190-Mechanical-Tunnels-Progress Drawings.pdf,
JFN-2367,Jet Fan Top Frame,MA002 - Jet Fan Top Frame Installation,300190-Mechanical-Tunnels-Progress Drawings.pdf,
JFN-2368,Jet Fan Top Frame,MA002 - Jet Fan Top Frame Installation,300190-Mechanical-Tunnels-Progress Drawings.pdf,
JFN-2369,Jet Fan Top Frame,MA002 - Jet Fan Top Frame Installation,300190-Mechanical-Tunnels-Progress Drawings.pdf,
JFN-2370,Jet Fan Top Frame,MA002 - Jet Fan Top Frame Installation,300190-Mechanical-Tunnels-Progress Drawings.pdf,
JFN-2371,Jet Fan Top Frame,MA002 - Jet Fan Top Frame Installation,300190-Mechanical-Tunnels-Progress Drawings.pdf,
JFN-2372,Jet Fan Top Frame,MA002 - Jet Fan Top Frame Installation,300190-Mechanical-Tunnels-Progress Drawings.pdf,
JFN-2373,Jet Fan Top Frame,MA002 - Jet Fan Top Frame Installation,300190-Mechanical-Tunnels-Progress Drawings.pdf,
JFN-2374,Jet Fan Top Frame,MA002 - Jet Fan Top Frame Installation,300190-Mechanical-Tunnels-Progress Drawings.pdf,
JFN-2375,Jet Fan Top Frame,MA002 - Jet Fan Top Frame Installation,300190-Mechanical-Tunnels-Progress Drawings.pdf,
JFN-2376,Jet Fan Top Frame,MA002 - Jet Fan Top Frame Installation,300190-Mechanical-Tunnels-Progress Drawings.pdf,
JFN-2377,Jet Fan Top Frame,MA002 - Jet Fan Top Frame Installation,300190-Mechanical-Tunnels-Progress Drawings.pdf,
JFN-2378,Jet Fan Top Frame,MA002 - Jet Fan Top Frame Installation,300190-Mechanical-Tunnels-Progress Drawings.pdf,
JFN-2379,Jet Fan Top Frame,MA002 - Jet Fan Top Frame Installation,300190-Mechanical-Tunnels-Progress Drawings.pdf,
JFN-2380,Jet Fan Top Frame,MA002 - Jet Fan Top Frame Installation,300190-Mechanical-Tunnels-Progress Drawings.pdf,
JFN-2381,Jet Fan Top Frame,MA002 - Jet Fan Top Frame Installation,300190-Mechanical-Tunnels-Progress Drawings.pdf,
JFN-2382,Jet Fan Top Frame,MA002 - Jet Fan Top Frame Installation,300190-Mechanical-Tunnels-Progress Drawings.pdf,
JFN-2383,Jet Fan Top Frame,MA002 - Jet Fan Top Frame Installation,300190-Mechanical-Tunnels-Progress Drawings.pdf,
JFN-3800,Jet Fan Top Frame,MA002 - Jet Fan Top Frame Installation,300190-Mechanical-Tunnels-Progress Drawings.pdf,
JFN-3801,Jet Fan Top Frame,MA002 - Jet Fan Top Frame Installation,300190-Mechanical-Tunnels-Progress Drawings.pdf,
JFN-3802,Jet Fan Top Frame,MA002 - Jet Fan Top Frame Installation,300190-Mechanical-Tunnels-Progress Drawings.pdf,
JFN-3803,Jet Fan Top Frame,MA002 - Jet Fan Top Frame Installation,300190-Mechanical-Tunnels-Progress Drawings.pdf,
JFN-3804,Jet Fan Top Frame,MA002 - Jet Fan Top Frame Installation,300190-Mechanical-Tunnels-Progress Drawings.pdf,
JFN-3805,Jet Fan Top Frame,MA002 - Jet Fan Top Frame Installation,300190-Mechanical-Tunnels-Progress Drawings.pdf,
JFN-3806,Jet Fan Top Frame,MA002 - Jet Fan Top Frame Installation,300190-Mechanical-Tunnels-Progress Drawings.pdf,
JFN-3807,Jet Fan Top Frame,MA002 - Jet Fan Top Frame Installation,300190-Mechanical-Tunnels-Progress Drawings.pdf,
JFN-4500,Jet Fan Top Frame,MA002 - Jet Fan Top Frame Installation,300190-Mechanical-Tunnels-Progress Drawings.pdf,
JFN-4501,Jet Fan Top Frame,MA002 - Jet Fan Top Frame Installation,300190-Mechanical-Tunnels-Progress Drawings.pdf,
JFN-4502,Jet Fan Top Frame,MA002 - Jet Fan Top Frame Installation,300190-Mechanical-Tunnels-Progress Drawings.pdf,
JFN-4503,Jet Fan Top Frame,MA002 - Jet Fan Top Frame Installation,300190-Mechanical-Tunnels-Progress Drawings.pdf,
JFN-5650,Jet Fan Top Frame,MA002 - Jet Fan Top Frame Installation,300190-Mechanical-Tunnels-Progress Drawings.pdf,
JFN-5651,Jet Fan Top Frame,MA002 - Jet Fan Top Frame Installation,300190-Mechanical-Tunnels-Progress Drawings.pdf,
JFN-5652,Jet Fan Top Frame,MA002 - Jet Fan Top Frame Installation,300190-Mechanical-Tunnels-Progress Drawings.pdf,
JFN-5653,Jet Fan Top Frame,MA002 - Jet Fan Top Frame Installation,300190-Mechanical-Tunnels-Progress Drawings.pdf,
JFN-5654,Jet Fan Top Frame,MA002 - Jet Fan Top Frame Installation,300190-Mechanical-Tunnels-Progress Drawings.pdf,
JFN-5655,Jet Fan Top Frame,MA002 - Jet Fan Top Frame Installation,300190-Mechanical-Tunnels-Progress Drawings.pdf,
JFN-5656,Jet Fan Top Frame,MA002 - Jet Fan Top Frame Installation,300190-Mechanical-Tunnels-Progress Drawings.pdf,
JFN-5657,Jet Fan Top Frame,MA002 - Jet Fan Top Frame Installation,300190-Mechanical-Tunnels-Progress Drawings.pdf,
JFN-5658,Jet Fan Top Frame,MA002 - Jet Fan Top Frame Installation,300190-Mechanical-Tunnels-Progress Drawings.pdf,
JFN-5659,Jet Fan Top Frame,MA002 - Jet Fan Top Frame Installation,300190-Mechanical-Tunnels-Progress Drawings.pdf,
JFN-5660,Jet Fan Top Frame,MA002 - Jet Fan Top Frame Installation,300190-Mechanical-Tunnels-Progress Drawings.pdf,
JFN-5661,Jet Fan Top Frame,MA002 - Jet Fan Top Frame Installation,300190-Mechanical-Tunnels-Progress Drawings.pdf,
JFN-5662,Jet Fan Top Frame,MA002 - Jet Fan Top Frame Installation,300190-Mechanical-Tunnels-Progress Drawings.pdf,
JFN-5663,Jet Fan Top Frame,MA002 - Jet Fan Top Frame Installation,300190-Mechanical-Tunnels-Progress Drawings.pdf,
JFN-5664,Jet Fan Top Frame,MA002 - Jet Fan Top Frame Installation,300190-Mechanical-Tunnels-Progress Drawings.pdf,
JFN-5665,Jet Fan Top Frame,MA002 - Jet Fan Top Frame Installation,300190-Mechanical-Tunnels-Progress Drawings.pdf,
JFN-5666,Jet Fan Top Frame,MA002 - Jet Fan Top Frame Installation,300190-Mechanical-Tunnels-Progress Drawings.pdf,
JFN-5667,Jet Fan Top Frame,MA002 - Jet Fan Top Frame Installation,300190-Mechanical-Tunnels-Progress Drawings.pdf,
JFN-5668,Jet Fan Top Frame,MA002 - Jet Fan Top Frame Installation,300190-Mechanical-Tunnels-Progress Drawings.pdf,
JFN-5669,Jet Fan Top Frame,MA002 - Jet Fan Top Frame Installation,300190-Mechanical-Tunnels-Progress Drawings.pdf,
JFN-5670,Jet Fan Top Frame,MA002 - Jet Fan Top Frame Installation,300190-Mechanical-Tunnels-Progress Drawings.pdf,
JFN-5671,Jet Fan Top Frame,MA002 - Jet Fan Top Frame Installation,300190-Mechanical-Tunnels-Progress Drawings.pdf,
JFN-5672,Jet Fan Top Frame,MA002 - Jet Fan Top Frame Installation,300190-Mechanical-Tunnels-Progress Drawings.pdf,
JFN-5673,Jet Fan Top Frame,MA002 - Jet Fan Top Frame Installation,300190-Mechanical-Tunnels-Progress Drawings.pdf,
JFN-5674,Jet Fan Top Frame,MA002 - Jet Fan Top Frame Installation,300190-Mechanical-Tunnels-Progress Drawings.pdf,
JFN-5675,Jet Fan Top Frame,MA002 - Jet Fan Top Frame Installation,300190-Mechanical-Tunnels-Progress Drawings.pdf,
JFN-5676,Jet Fan Top Frame,MA002 - Jet Fan Top Frame Installation,300190-Mechanical-Tunnels-Progress Drawings.pdf,
JFN-5677,Jet Fan Top Frame,MA002 - Jet Fan Top Frame Installation,300190-Mechanical-Tunnels-Progress Drawings.pdf,
JFN-5678,Jet Fan Top Frame,MA002 - Jet Fan Top Frame Installation,300190-Mechanical-Tunnels-Progress Drawings.pdf,
JFN-5679,Jet Fan Top Frame,MA002 - Jet Fan Top Frame Installation,300190-Mechanical-Tunnels-Progress Drawings.pdf,
JFN-5680,Jet Fan Top Frame,MA002 - Jet Fan Top Frame Installation,300190-Mechanical-Tunnels-Progress Drawings.pdf,
JFN-5681,Jet Fan Top Frame,MA002 - Jet Fan Top Frame Installation,300190-Mechanical-Tunnels-Progress Drawings.pdf,
JFN-5682,Jet Fan Top Frame,MA002 - Jet Fan Top Frame Installation,300190-Mechanical-Tunnels-Progress Drawings.pdf,
JFN-5683,Jet Fan Top Frame,MA002 - Jet Fan Top Frame Installation,300190-Mechanical-Tunnels-Progress Drawings.pdf,
JFN-5684,Jet Fan Top Frame,MA002 - Jet Fan Top Frame Installation,300190-Mechanical-Tunnels-Progress Drawings.pdf,
JFN-5685,Jet Fan Top Frame,MA002 - Jet Fan Top Frame Installation,300190-Mechanical-Tunnels-Progress Drawings.pdf,
JFN-5686,Jet Fan Top Frame,MA002 - Jet Fan Top Frame Installation,300190-Mechanical-Tunnels-Progress Drawings.pdf,
JFN-5687,Jet Fan Top Frame,MA002 - Jet Fan Top Frame Installation,300190-Mechanical-Tunnels-Progress Drawings.pdf,
JFN-5688,Jet Fan Top Frame,MA002 - Jet Fan Top Frame Installation,300190-Mechanical-Tunnels-Progress Drawings.pdf,
JFN-5689,Jet Fan Top Frame,MA002 - Jet Fan Top Frame Installation,300190-Mechanical-Tunnels-Progress Drawings.pdf,
JFN-5690,Jet Fan Top Frame,MA002 - Jet Fan Top Frame Installation,300190-Mechanical-Tunnels-Progress Drawings.pdf,
JFN-5691,Jet Fan Top Frame,MA002 - Jet Fan Top Frame Installation,300190-Mechanical-Tunnels-Progress Drawings.pdf,
JFN-5692,Jet Fan Top Frame,MA002 - Jet Fan Top Frame Installation,300190-Mechanical-Tunnels-Progress Drawings.pdf,
JFN-5693,Jet Fan Top Frame,MA002 - Jet Fan Top Frame Installation,300190-Mechanical-Tunnels-Progress Drawings.pdf,
JFN-5694,Jet Fan Top Frame,MA002 - Jet Fan Top Frame Installation,300190-Mechanical-Tunnels-Progress Drawings.pdf,
JFN-5695,Jet Fan Top Frame,MA002 - Jet Fan Top Frame Installation,300190-Mechanical-Tunnels-Progress Drawings.pdf,
JFN-5696,Jet Fan Top Frame,MA002 - Jet Fan Top Frame Installation,300190-Mechanical-Tunnels-Progress Drawings.pdf,
JFN-5697,Jet Fan Top Frame,MA002 - Jet Fan Top Frame Installation,300190-Mechanical-Tunnels-Progress Drawings.pdf,
JFN-5698,Jet Fan Top Frame,MA002 - Jet Fan Top Frame Installation,300190-Mechanical-Tunnels-Progress Drawings.pdf,
JFN-5699,Jet Fan Top Frame,MA002 - Jet Fan Top Frame Installation,300190-Mechanical-Tunnels-Progress Drawings.pdf,
JFN-5700,Jet Fan Top Frame,MA002 - Jet Fan Top Frame Installation,300190-Mechanical-Tunnels-Progress Drawings.pdf,
JFN-5701,Jet Fan Top Frame,MA002 - Jet Fan Top Frame Installation,300190-Mechanical-Tunnels-Progress Drawings.pdf,
JFN-5702,Jet Fan Top Frame,MA002 - Jet Fan Top Frame Installation,300190-Mechanical-Tunnels-Progress Drawings.pdf,
JFN-5703,Jet Fan Top Frame,MA002 - Jet Fan Top Frame Installation,300190-Mechanical-Tunnels-Progress Drawings.pdf,
JFN-5704,Jet Fan Top Frame,MA002 - Jet Fan Top Frame Installation,300190-Mechanical-Tunnels-Progress Drawings.pdf,
JFN-5705,Jet Fan Top Frame,MA002 - Jet Fan Top Frame Installation,300190-Mechanical-Tunnels-Progress Drawings.pdf,
JFN-5706,Jet Fan Top Frame,MA002 - Jet Fan Top Frame Installation,300190-Mechanical-Tunnels-Progress Drawings.pdf,
JFN-5707,Jet Fan Top Frame,MA002 - Jet Fan Top Frame Installation,300190-Mechanical-Tunnels-Progress Drawings.pdf,
JFN-5708,Jet Fan Top Frame,MA002 - Jet Fan Top Frame Installation,300190-Mechanical-Tunnels-Progress Drawings.pdf,
JFN-5709,Jet Fan Top Frame,MA002 - Jet Fan Top Frame Installation,300190-Mechanical-Tunnels-Progress Drawings.pdf,
JFN-5710,Jet Fan Top Frame,MA002 - Jet Fan Top Frame Installation,300190-Mechanical-Tunnels-Progress Drawings.pdf,
JFN-5711,Jet Fan Top Frame,MA002 - Jet Fan Top Frame Installation,300190-Mechanical-Tunnels-Progress Drawings.pdf,
JFN-5712,Jet Fan Top Frame,MA002 - Jet Fan Top Frame Installation,300190-Mechanical-Tunnels-Progress Drawings.pdf,
JFN-5713,Jet Fan Top Frame,MA002 - Jet Fan Top Frame Installation,300190-Mechanical-Tunnels-Progress Drawings.pdf,
JFN-5714,Jet Fan Top Frame,MA002 - Jet Fan Top Frame Installation,300190-Mechanical-Tunnels-Progress Drawings.pdf,
JFN-5715,Jet Fan Top Frame,MA002 - Jet Fan Top Frame Installation,300190-Mechanical-Tunnels-Progress Drawings.pdf,
JFN-5716,Jet Fan Top Frame,MA002 - Jet Fan Top Frame Installation,300190-Mechanical-Tunnels-Progress Drawings.pdf,
JFN-5717,Jet Fan Top Frame,MA002 - Jet Fan Top Frame Installation,300190-Mechanical-Tunnels-Progress Drawings.pdf,
JFN-5718,Jet Fan Top Frame,MA002 - Jet Fan Top Frame Installation,300190-Mechanical-Tunnels-Progress Drawings.pdf,
JFN-5719,Jet Fan Top Frame,MA002 - Jet Fan Top Frame Installation,300190-Mechanical-Tunnels-Progress Drawings.pdf,
JFN-5720,Jet Fan Top Frame,MA002 - Jet Fan Top Frame Installation,300190-Mechanical-Tunnels-Progress Drawings.pdf,
JFN-5721,Jet Fan Top Frame,MA002 - Jet Fan Top Frame Installation,300190-Mechanical-Tunnels-Progress Drawings.pdf,
JFN-5722,Jet Fan Top Frame,MA002 - Jet Fan Top Frame Installation,300190-Mechanical-Tunnels-Progress Drawings.pdf,
JFN-5723,Jet Fan Top Frame,MA002 - Jet Fan Top Frame Installation,300190-Mechanical-Tunnels-Progress Drawings.pdf,
JFN-5724,Jet Fan Top Frame,MA002 - Jet Fan Top Frame Installation,300190-Mechanical-Tunnels-Progress Drawings.pdf,
JFN-5725,Jet Fan Top Frame,MA002 - Jet Fan Top Frame Installation,300190-Mechanical-Tunnels-Progress Drawings.pdf,
JFN-5726,Jet Fan Top Frame,MA002 - Jet Fan Top Frame Installation,300190-Mechanical-Tunnels-Progress Drawings.pdf,
JFN-5727,Jet Fan Top Frame,MA002 - Jet Fan Top Frame Installation,300190-Mechanical-Tunnels-Progress Drawings.pdf,
JFN-5728,Jet Fan Top Frame,MA002 - Jet Fan Top Frame Installation,300190-Mechanical-Tunnels-Progress Drawings.pdf,
JFN-5729,Jet Fan Top Frame,MA002 - Jet Fan Top Frame Installation,300190-Mechanical-Tunnels-Progress Drawings.pdf,
JFN-5730,Jet Fan Top Frame,MA002 - Jet Fan Top Frame Installation,300190-Mechanical-Tunnels-Progress Drawings.pdf,
JFN-5731,Jet Fan Top Frame,MA002 - Jet Fan Top Frame Installation,300190-Mechanical-Tunnels-Progress Drawings.pdf,
JFN-5732,Jet Fan Top Frame,MA002 - Jet Fan Top Frame Installation,300190-Mechanical-Tunnels-Progress Drawings.pdf,
JFN-5733,Jet Fan Top Frame,MA002 - Jet Fan Top Frame Installation,300190-Mechanical-Tunnels-Progress Drawings.pdf,
JFN-5734,Jet Fan Top Frame,MA002 - Jet Fan Top Frame Installation,300190-Mechanical-Tunnels-Progress Drawings.pdf,
JFN-5735,Jet Fan Top Frame,MA002 - Jet Fan Top Frame Installation,300190-Mechanical-Tunnels-Progress Drawings.pdf,
JFN-5736,Jet Fan Top Frame,MA002 - Jet Fan Top Frame Installation,300190-Mechanical-Tunnels-Progress Drawings.pdf,
JFN-5737,Jet Fan Top Frame,MA002 - Jet Fan Top Frame Installation,300190-Mechanical-Tunnels-Progress Drawings.pdf,
JFN-5738,Jet Fan Top Frame,MA002 - Jet Fan Top Frame Installation,300190-Mechanical-Tunnels-Progress Drawings.pdf,
JFN-5739,Jet Fan Top Frame,MA002 - Jet Fan Top Frame Installation,300190-Mechanical-Tunnels-Progress Drawings.pdf,
JFN-7150,Jet Fan Top Frame,MA002 - Jet Fan Top Frame Installation,300190-Mechanical-Tunnels-Progress Drawings.pdf,
JFN-7151,Jet Fan Top Frame,MA002 - Jet Fan Top Frame Installation,300190-Mechanical-Tunnels-Progress Drawings.pdf,
JFN-7152,Jet Fan Top Frame,MA002 - Jet Fan Top Frame Installation,300190-Mechanical-Tunnels-Progress Drawings.pdf,
JFN-7153,Jet Fan Top Frame,MA002 - Jet Fan Top Frame Installation,300190-Mechanical-Tunnels-Progress Drawings.pdf,
JFN-7154,Jet Fan Top Frame,MA002 - Jet Fan Top Frame Installation,300190-Mechanical-Tunnels-Progress Drawings.pdf,
JFN-7155,Jet Fan Top Frame,MA002 - Jet Fan Top Frame Installation,300190-Mechanical-Tunnels-Progress Drawings.pdf,
JFN-7875,Jet Fan Top Frame,MA002 - Jet Fan Top Frame Installation,300190-Mechanical-Tunnels-Progress Drawings.pdf,
JFN-7876,Jet Fan Top Frame,MA002 - Jet Fan Top Frame Installation,300190-Mechanical-Tunnels-Progress Drawings.pdf,
JFN-7877,Jet Fan Top Frame,MA002 - Jet Fan Top Frame Installation,300190-Mechanical-Tunnels-Progress Drawings.pdf,
JFN-7878,Jet Fan Top Frame,MA002 - Jet Fan Top Frame Installation,300190-Mechanical-Tunnels-Progress Drawings.pdf,
JFN-7879,Jet Fan Top Frame,MA002 - Jet Fan Top Frame Installation,300190-Mechanical-Tunnels-Progress Drawings.pdf,
JFN-7880,Jet Fan Top Frame,MA002 - Jet Fan Top Frame Installation,300190-Mechanical-Tunnels-Progress Drawings.pdf,
JFN-7881,Jet Fan Top Frame,MA002 - Jet Fan Top Frame Installation,300190-Mechanical-Tunnels-Progress Drawings.pdf,
JFN-7882,Jet Fan Top Frame,MA002 - Jet Fan Top Frame Installation,300190-Mechanical-Tunnels-Progress Drawings.pdf,
JIB-9250,Monorail and Support,MA011 - Monorail and Support Installation,300190-Mechanical-Tunnels-Progress Drawings.pdf,
JIB-9700,Monorail and Support,MA011 - Monorail and Support Installation,300190-Mechanical-Tunnels-Progress Drawings.pdf,
PAD-9250,TVS Damper,MA005 - TVS Damper Installation,300190-Mechanical-Tunnels-Progress Drawings.pdf,
PAD-9251,TVS Damper,MA005 - TVS Damper Installation,300190-Mechanical-Tunnels-Progress Drawings.pdf,
PAD-9252,TVS Damper,MA005 - TVS Damper Installation,300190-Mechanical-Tunnels-Progress Drawings.pdf,
PAD-9700,TVS Damper,MA005 - TVS Damper Installation,300190-Mechanical-Tunnels-Progress Drawings.pdf,
PAD-9701,TVS Damper,MA005 - TVS Damper Installation,300190-Mechanical-Tunnels-Progress Drawings.pdf,
PAD-9702,TVS Damper,MA005 - TVS Damper Installation,300190-Mechanical-Tunnels-Progress Drawings.pdf,
PRT-9001,Pressure and Flow Transmitters,MA014 - Pressure and Flow Transmitters Installation,300190-Mechanical-Tunnels-Progress Drawings.pdf,
PRT-9002,Pressure and Flow Transmitters,MA014 - Pressure and Flow Transmitters Installation,300190-Mechanical-Tunnels-Progress Drawings.pdf,
PRT-9003,Pressure and Flow Transmitters,MA014 - Pressure and Flow Transmitters Installation,300190-Mechanical-Tunnels-Progress Drawings.pdf,
PRT-9004,Pressure and Flow Transmitters,MA014 - Pressure and Flow Transmitters Installation,300190-Mechanical-Tunnels-Progress Drawings.pdf,
PRT-9005,Pressure and Flow Transmitters,MA014 - Pressure and Flow Transmitters Installation,300190-Mechanical-Tunnels-Progress Drawings.pdf,
PRT-9006,Pressure and Flow Transmitters,MA014 - Pressure and Flow Transmitters Installation,300190-Mechanical-Tunnels-Progress Drawings.pdf,
PRT-9007,Pressure and Flow Transmitters,MA014 - Pressure and Flow Transmitters Installation,300190-Mechanical-Tunnels-Progress Drawings.pdf,
PRT-9008,Pressure and Flow Transmitters,MA014 - Pressure and Flow Transmitters Installation,300190-Mechanical-Tunnels-Progress Drawings.pdf,
PRT-9009,Pressure and Flow Transmitters,MA014 - Pressure and Flow Transmitters Installation,300190-Mechanical-Tunnels-Progress Drawings.pdf,
PRT-9010,Pressure and Flow Transmitters,MA014 - Pressure and Flow Transmitters Installation,300190-Mechanical-Tunnels-Progress Drawings.pdf,
PRT-9011,Pressure and Flow Transmitters,MA014 - Pressure and Flow Transmitters Installation,300190-Mechanical-Tunnels-Progress Drawings.pdf,
PRT-9012,Pressure and Flow Transmitters,MA014 - Pressure and Flow Transmitters Installation,300190-Mechanical-Tunnels-Progress Drawings.pdf,
PRT-9013,Pressure and Flow Transmitters,MA014 - Pressure and Flow Transmitters Installation,300190-Mechanical-Tunnels-Progress Drawings.pdf,
PRT-9014,Pressure and Flow Transmitters,MA014 - Pressure and Flow Transmitters Installation,300190-Mechanical-Tunnels-Progress Drawings.pdf,
PRT-9015,Pressure and Flow Transmitters,MA014 - Pressure and Flow Transmitters Installation,300190-Mechanical-Tunnels-Progress Drawings.pdf,
PRT-9016,Pressure and Flow Transmitters,MA014 - Pressure and Flow Transmitters Installation,300190-Mechanical-Tunnels-Progress Drawings.pdf,
PRT-9017,Pressure and Flow Transmitters,MA014 - Pressure and Flow Transmitters Installation,300190-Mechanical-Tunnels-Progress Drawings.pdf,
PRT-9018,Pressure and Flow Transmitters,MA014 - Pressure and Flow Transmitters Installation,300190-Mechanical-Tunnels-Progress Drawings.pdf,
PRT-9019,Pressure and Flow Transmitters,MA014 - Pressure and Flow Transmitters Installation,300190-Mechanical-Tunnels-Progress Drawings.pdf,
PRT-9020,Pressure and Flow Transmitters,MA014 - Pressure and Flow Transmitters Installation,300190-Mechanical-Tunnels-Progress Drawings.pdf,
PRT-9021,Pressure and Flow Transmitters,MA014 - Pressure and Flow Transmitters Installation,300190-Mechanical-Tunnels-Progress Drawings.pdf,
PRT-9022,Pressure and Flow Transmitters,MA014 - Pressure and Flow Transmitters Installation,300190-Mechanical-Tunnels-Progress Drawings.pdf,
PRT-9023,Pressure and Flow Transmitters,MA014 - Pressure and Flow Transmitters Installation,300190-Mechanical-Tunnels-Progress Drawings.pdf,
PRT-9024,Pressure and Flow Transmitters,MA014 - Pressure and Flow Transmitters Installation,300190-Mechanical-Tunnels-Progress Drawings.pdf,
PRT-9025,Pressure and Flow Transmitters,MA014 - Pressure and Flow Transmitters Installation,300190-Mechanical-Tunnels-Progress Drawings.pdf,
SDD-2300,TVS Damper,MA005 - TVS Damper Installation,300190-Mechanical-Tunnels-Progress Drawings.pdf,
SDD-2301,TVS Damper,MA005 - TVS Damper Installation,300190-Mechanical-Tunnels-Progress Drawings.pdf,
SDD-2302,TVS Damper,MA005 - TVS Damper Installation,300190-Mechanical-Tunnels-Progress Drawings.pdf,
SDD-2303,TVS Damper,MA005 - TVS Damper Installation,300190-Mechanical-Tunnels-Progress Drawings.pdf,
SDD-2304,TVS Damper,MA005 - TVS Damper Installation,300190-Mechanical-Tunnels-Progress Drawings.pdf,
SDD-2305,TVS Damper,MA005 - TVS Damper Installation,300190-Mechanical-Tunnels-Progress Drawings.pdf,
SDD-2306,TVS Damper,MA005 - TVS Damper Installation,300190-Mechanical-Tunnels-Progress Drawings.pdf,
SDD-2307,TVS Damper,MA005 - TVS Damper Installation,300190-Mechanical-Tunnels-Progress Drawings.pdf,
SDD-2308,TVS Damper,MA005 - TVS Damper Installation,300190-Mechanical-Tunnels-Progress Drawings.pdf,
SDD-2309,TVS Damper,MA005 - TVS Damper Installation,300190-Mechanical-Tunnels-Progress Drawings.pdf,
SDD-2310,TVS Damper,MA005 - TVS Damper Installation,300190-Mechanical-Tunnels-Progress Drawings.pdf,
SDD-2311,TVS Damper,MA005 - TVS Damper Installation,300190-Mechanical-Tunnels-Progress Drawings.pdf,
SDD-2312,TVS Damper,MA005 - TVS Damper Installation,300190-Mechanical-Tunnels-Progress Drawings.pdf,
SDD-2313,TVS Damper,MA005 - TVS Damper Installation,300190-Mechanical-Tunnels-Progress Drawings.pdf,
SDD-2314,TVS Damper,MA005 - TVS Damper Installation,300190-Mechanical-Tunnels-Progress Drawings.pdf,
SDD-2315,TVS Damper,MA005 - TVS Damper Installation,300190-Mechanical-Tunnels-Progress Drawings.pdf,
SDD-2316,TVS Damper,MA005 - TVS Damper Installation,300190-Mechanical-Tunnels-Progress Drawings.pdf,
SDD-2317,TVS Damper,MA005 - TVS Damper Installation,300190-Mechanical-Tunnels-Progress Drawings.pdf,
SDD-2318,TVS Damper,MA005 - TVS Damper Installation,300190-Mechanical-Tunnels-Progress Drawings.pdf,
SDD-2319,TVS Damper,MA005 - TVS Damper Installation,300190-Mechanical-Tunnels-Progress Drawings.pdf,
SDD-2320,TVS Damper,MA005 - TVS Damper Installation,300190-Mechanical-Tunnels-Progress Drawings.pdf,
SDD-2321,TVS Damper,MA005 - TVS Damper Installation,300190-Mechanical-Tunnels-Progress Drawings.pdf,
SDD-2322,TVS Damper,MA005 - TVS Damper Installation,300190-Mechanical-Tunnels-Progress Drawings.pdf,
SDD-2323,TVS Damper,MA005 - TVS Damper Installation,300190-Mechanical-Tunnels-Progress Drawings.pdf,
SDD-2324,TVS Damper,MA005 - TVS Damper Installation,300190-Mechanical-Tunnels-Progress Drawings.pdf,
SDD-2325,TVS Damper,MA005 - TVS Damper Installation,300190-Mechanical-Tunnels-Progress Drawings.pdf,
SDD-2326,TVS Damper,MA005 - TVS Damper Installation,300190-Mechanical-Tunnels-Progress Drawings.pdf,
SDD-2327,TVS Damper,MA005 - TVS Damper Installation,300190-Mechanical-Tunnels-Progress Drawings.pdf,
SDD-2328,TVS Damper,MA005 - TVS Damper Installation,300190-Mechanical-Tunnels-Progress Drawings.pdf,
SDD-2329,TVS Damper,MA005 - TVS Damper Installation,300190-Mechanical-Tunnels-Progress Drawings.pdf,
SDD-2330,TVS Damper,MA005 - TVS Damper Installation,300190-Mechanical-Tunnels-Progress Drawings.pdf,
SDD-2331,TVS Damper,MA005 - TVS Damper Installation,300190-Mechanical-Tunnels-Progress Drawings.pdf,
SDD-2332,TVS Damper,MA005 - TVS Damper Installation,300190-Mechanical-Tunnels-Progress Drawings.pdf,
SDD-2333,TVS Damper,MA005 - TVS Damper Installation,300190-Mechanical-Tunnels-Progress Drawings.pdf,
SDD-2334,TVS Damper,MA005 - TVS Damper Installation,300190-Mechanical-Tunnels-Progress Drawings.pdf,
SDD-2335,TVS Damper,MA005 - TVS Damper Installation,300190-Mechanical-Tunnels-Progress Drawings.pdf,
SDD-2336,TVS Damper,MA005 - TVS Damper Installation,300190-Mechanical-Tunnels-Progress Drawings.pdf,
SDD-2337,TVS Damper,MA005 - TVS Damper Installation,300190-Mechanical-Tunnels-Progress Drawings.pdf,
SDD-2338,TVS Damper,MA005 - TVS Damper Installation,300190-Mechanical-Tunnels-Progress Drawings.pdf,
SDD-2339,TVS Damper,MA005 - TVS Damper Installation,300190-Mechanical-Tunnels-Progress Drawings.pdf,
SDD-2340,TVS Damper,MA005 - TVS Damper Installation,300190-Mechanical-Tunnels-Progress Drawings.pdf,
SDD-2341,TVS Damper,MA005 - TVS Damper Installation,300190-Mechanical-Tunnels-Progress Drawings.pdf,
SDD-2342,TVS Damper,MA005 - TVS Damper Installation,300190-Mechanical-Tunnels-Progress Drawings.pdf,
SDD-2343,TVS Damper,MA005 - TVS Damper Installation,300190-Mechanical-Tunnels-Progress Drawings.pdf,
SDD-2344,TVS Damper,MA005 - TVS Damper Installation,300190-Mechanical-Tunnels-Progress Drawings.pdf,
SDD-2345,TVS Damper,MA005 - TVS Damper Installation,300190-Mechanical-Tunnels-Progress Drawings.pdf,
SDD-2346,TVS Damper,MA005 - TVS Damper Installation,300190-Mechanical-Tunnels-Progress Drawings.pdf,
SDD-2347,TVS Damper,MA005 - TVS Damper Installation,300190-Mechanical-Tunnels-Progress Drawings.pdf,
SDD-2348,TVS Damper,MA005 - TVS Damper Installation,300190-Mechanical-Tunnels-Progress Drawings.pdf,
SDD-2349,TVS Damper,MA005 - TVS Damper Installation,300190-Mechanical-Tunnels-Progress Drawings.pdf,
SDD-2350,TVS Damper,MA005 - TVS Damper Installation,300190-Mechanical-Tunnels-Progress Drawings.pdf,
SDD-2351,TVS Damper,MA005 - TVS Damper Installation,300190-Mechanical-Tunnels-Progress Drawings.pdf,
SDD-2352,TVS Damper,MA005 - TVS Damper Installation,300190-Mechanical-Tunnels-Progress Drawings.pdf,
SDD-2353,TVS Damper,MA005 - TVS Damper Installation,300190-Mechanical-Tunnels-Progress Drawings.pdf,
SDD-2354,TVS Damper,MA005 - TVS Damper Installation,300190-Mechanical-Tunnels-Progress Drawings.pdf,
SDD-2355,TVS Damper,MA005 - TVS Damper Installation,300190-Mechanical-Tunnels-Progress Drawings.pdf,
SDD-2356,TVS Damper,MA005 - TVS Damper Installation,300190-Mechanical-Tunnels-Progress Drawings.pdf,
SDD-2357,TVS Damper,MA005 - TVS Damper Installation,300190-Mechanical-Tunnels-Progress Drawings.pdf,
SDD-2358,TVS Damper,MA005 - TVS Damper Installation,300190-Mechanical-Tunnels-Progress Drawings.pdf,
SDD-2359,TVS Damper,MA005 - TVS Damper Installation,300190-Mechanical-Tunnels-Progress Drawings.pdf,
SDD-2360,TVS Damper,MA005 - TVS Damper Installation,300190-Mechanical-Tunnels-Progress Drawings.pdf,
SDD-2361,TVS Damper,MA005 - TVS Damper Installation,300190-Mechanical-Tunnels-Progress Drawings.pdf,
SDD-2362,TVS Damper,MA005 - TVS Damper Installation,300190-Mechanical-Tunnels-Progress Drawings.pdf,
SDD-2363,TVS Damper,MA005 - TVS Damper Installation,300190-Mechanical-Tunnels-Progress Drawings.pdf,
SDD-2364,TVS Damper,MA005 - TVS Damper Installation,300190-Mechanical-Tunnels-Progress Drawings.pdf,
SDD-2365,TVS Damper,MA005 - TVS Damper Installation,300190-Mechanical-Tunnels-Progress Drawings.pdf,
SDD-2366,TVS Damper,MA005 - TVS Damper Installation,300190-Mechanical-Tunnels-Progress Drawings.pdf,
SDD-2367,TVS Damper,MA005 - TVS Damper Installation,300190-Mechanical-Tunnels-Progress Drawings.pdf,
SDD-2368,TVS Damper,MA005 - TVS Damper Installation,300190-Mechanical-Tunnels-Progress Drawings.pdf,
SDD-2369,TVS Damper,MA005 - TVS Damper Installation,300190-Mechanical-Tunnels-Progress Drawings.pdf,
SDD-2370,TVS Damper,MA005 - TVS Damper Installation,300190-Mechanical-Tunnels-Progress Drawings.pdf,
SDD-2371,TVS Damper,MA005 - TVS Damper Installation,300190-Mechanical-Tunnels-Progress Drawings.pdf,
SDD-2372,TVS Damper,MA005 - TVS Damper Installation,300190-Mechanical-Tunnels-Progress Drawings.pdf,
SDD-2373,TVS Damper,MA005 - TVS Damper Installation,300190-Mechanical-Tunnels-Progress Drawings.pdf,
SDD-2374,TVS Damper,MA005 - TVS Damper Installation,300190-Mechanical-Tunnels-Progress Drawings.pdf,
SDD-2375,TVS Damper,MA005 - TVS Damper Installation,300190-Mechanical-Tunnels-Progress Drawings.pdf,
SDD-2376,TVS Damper,MA005 - TVS Damper Installation,300190-Mechanical-Tunnels-Progress Drawings.pdf,
SDD-2377,TVS Damper,MA005 - TVS Damper Installation,300190-Mechanical-Tunnels-Progress Drawings.pdf,
SDD-2378,TVS Damper,MA005 - TVS Damper Installation,300190-Mechanical-Tunnels-Progress Drawings.pdf,
SDD-2379,TVS Damper,MA005 - TVS Damper Installation,300190-Mechanical-Tunnels-Progress Drawings.pdf,
SDD-2380,TVS Damper,MA005 - TVS Damper Installation,300190-Mechanical-Tunnels-Progress Drawings.pdf,
SDD-2381,TVS Damper,MA005 - TVS Damper Installation,300190-Mechanical-Tunnels-Progress Drawings.pdf,
SDD-2382,TVS Damper,MA005 - TVS Damper Installation,300190-Mechanical-Tunnels-Progress Drawings.pdf,
SDD-2383,TVS Damper,MA005 - TVS Damper Installation,300190-Mechanical-Tunnels-Progress Drawings.pdf,
SDD-2384,TVS Damper,MA005 - TVS Damper Installation,300190-Mechanical-Tunnels-Progress Drawings.pdf,
SDD-2385,TVS Damper,MA005 - TVS Damper Installation,300190-Mechanical-Tunnels-Progress Drawings.pdf,
SDD-2386,TVS Damper,MA005 - TVS Damper Installation,300190-Mechanical-Tunnels-Progress Drawings.pdf,
SDD-2387,TVS Damper,MA005 - TVS Damper Installation,300190-Mechanical-Tunnels-Progress Drawings.pdf,
SDD-2388,TVS Damper,MA005 - TVS Damper Installation,300190-Mechanical-Tunnels-Progress Drawings.pdf,
SDD-2389,TVS Damper,MA005 - TVS Damper Installation,300190-Mechanical-Tunnels-Progress Drawings.pdf,
SDD-2390,TVS Damper,MA005 - TVS Damper Installation,300190-Mechanical-Tunnels-Progress Drawings.pdf,
SDD-2391,TVS Damper,MA005 - TVS Damper Installation,300190-Mechanical-Tunnels-Progress Drawings.pdf,
SDD-2392,TVS Damper,MA005 - TVS Damper Installation,300190-Mechanical-Tunnels-Progress Drawings.pdf,
SDD-2393,TVS Damper,MA005 - TVS Damper Installation,300190-Mechanical-Tunnels-Progress Drawings.pdf,
SDD-2394,TVS Damper,MA005 - TVS Damper Installation,300190-Mechanical-Tunnels-Progress Drawings.pdf,
SDD-2395,TVS Damper,MA005 - TVS Damper Installation,300190-Mechanical-Tunnels-Progress Drawings.pdf,
SDD-2396,TVS Damper,MA005 - TVS Damper Installation,300190-Mechanical-Tunnels-Progress Drawings.pdf,
SDD-2397,TVS Damper,MA005 - TVS Damper Installation,300190-Mechanical-Tunnels-Progress Drawings.pdf,
SDD-2398,TVS Damper,MA005 - TVS Damper Installation,300190-Mechanical-Tunnels-Progress Drawings.pdf,
SDD-2399,TVS Damper,MA005 - TVS Damper Installation,300190-Mechanical-Tunnels-Progress Drawings.pdf,
SDD-2400,TVS Damper,MA005 - TVS Damper Installation,300190-Mechanical-Tunnels-Progress Drawings.pdf,
SDD-2401,TVS Damper,MA005 - TVS Damper Installation,300190-Mechanical-Tunnels-Progress Drawings.pdf,
SDD-2402,TVS Damper,MA005 - TVS Damper Installation,300190-Mechanical-Tunnels-Progress Drawings.pdf,
SDD-2403,TVS Damper,MA005 - TVS Damper Installation,300190-Mechanical-Tunnels-Progress Drawings.pdf,
SDD-2404,TVS Damper,MA005 - TVS Damper Installation,300190-Mechanical-Tunnels-Progress Drawings.pdf,
SDD-2405,TVS Damper,MA005 - TVS Damper Installation,300190-Mechanical-Tunnels-Progress Drawings.pdf,
SDD-2406,TVS Damper,MA005 - TVS Damper Installation,300190-Mechanical-Tunnels-Progress Drawings.pdf,
SDD-2407,TVS Damper,MA005 - TVS Damper Installation,300190-Mechanical-Tunnels-Progress Drawings.pdf,
SDD-2408,TVS Damper,MA005 - TVS Damper Installation,300190-Mechanical-Tunnels-Progress Drawings.pdf,
SDD-2409,TVS Damper,MA005 - TVS Damper Installation,300190-Mechanical-Tunnels-Progress Drawings.pdf,
SDD-2410,TVS Damper,MA005 - TVS Damper Installation,300190-Mechanical-Tunnels-Progress Drawings.pdf,
SDD-2411,TVS Damper,MA005 - TVS Damper Installation,300190-Mechanical-Tunnels-Progress Drawings.pdf,
SDD-2412,TVS Damper,MA005 - TVS Damper Installation,300190-Mechanical-Tunnels-Progress Drawings.pdf,
SDD-2413,TVS Damper,MA005 - TVS Damper Installation,300190-Mechanical-Tunnels-Progress Drawings.pdf,
SDD-2414,TVS Damper,MA005 - TVS Damper Installation,300190-Mechanical-Tunnels-Progress Drawings.pdf,
SDD-2415,TVS Damper,MA005 - TVS Damper Installation,300190-Mechanical-Tunnels-Progress Drawings.pdf,
SDD-2416,TVS Damper,MA005 - TVS Damper Installation,300190-Mechanical-Tunnels-Progress Drawings.pdf,
SDD-2417,TVS Damper,MA005 - TVS Damper Installation,300190-Mechanical-Tunnels-Progress Drawings.pdf,
SDD-2418,TVS Damper,MA005 - TVS Damper Installation,300190-Mechanical-Tunnels-Progress Drawings.pdf,
SDD-2419,TVS Damper,MA005 - TVS Damper Installation,300190-Mechanical-Tunnels-Progress Drawings.pdf,
SDD-2420,TVS Damper,MA005 - TVS Damper Installation,300190-Mechanical-Tunnels-Progress Drawings.pdf,
SDD-2421,TVS Damper,MA005 - TVS Damper Installation,300190-Mechanical-Tunnels-Progress Drawings.pdf,
SDD-2422,TVS Damper,MA005 - TVS Damper Installation,300190-Mechanical-Tunnels-Progress Drawings.pdf,
SDD-2423,TVS Damper,MA005 - TVS Damper Installation,300190-Mechanical-Tunnels-Progress Drawings.pdf,
SDD-2424,TVS Damper,MA005 - TVS Damper Installation,300190-Mechanical-Tunnels-Progress Drawings.pdf,
SDD-2425,TVS Damper,MA005 - TVS Damper Installation,300190-Mechanical-Tunnels-Progress Drawings.pdf,
SDD-2426,TVS Damper,MA005 - TVS Damper Installation,300190-Mechanical-Tunnels-Progress Drawings.pdf,
SDD-2427,TVS Damper,MA005 - TVS Damper Installation,300190-Mechanical-Tunnels-Progress Drawings.pdf,
SDD-2428,TVS Damper,MA005 - TVS Damper Installation,300190-Mechanical-Tunnels-Progress Drawings.pdf,
SDD-2429,TVS Damper,MA005 - TVS Damper Installation,300190-Mechanical-Tunnels-Progress Drawings.pdf,
SDD-2430,TVS Damper,MA005 - TVS Damper Installation,300190-Mechanical-Tunnels-Progress Drawings.pdf,
SDD-2431,TVS Damper,MA005 - TVS Damper Installation,300190-Mechanical-Tunnels-Progress Drawings.pdf,
SDD-2432,TVS Damper,MA005 - TVS Damper Installation,300190-Mechanical-Tunnels-Progress Drawings.pdf,
SDD-2433,TVS Damper,MA005 - TVS Damper Installation,300190-Mechanical-Tunnels-Progress Drawings.pdf,
SDD-2434,TVS Damper,MA005 - TVS Damper Installation,300190-Mechanical-Tunnels-Progress Drawings.pdf,
SDD-2435,TVS Damper,MA005 - TVS Damper Installation,300190-Mechanical-Tunnels-Progress Drawings.pdf,
SDD-2436,TVS Damper,MA005 - TVS Damper Installation,300190-Mechanical-Tunnels-Progress Drawings.pdf,
SDD-2437,TVS Damper,MA005 - TVS Damper Installation,300190-Mechanical-Tunnels-Progress Drawings.pdf,
SDD-2438,TVS Damper,MA005 - TVS Damper Installation,300190-Mechanical-Tunnels-Progress Drawings.pdf,
SDD-2439,TVS Damper,MA005 - TVS Damper Installation,300190-Mechanical-Tunnels-Progress Drawings.pdf,
SDD-2440,TVS Damper,MA005 - TVS Damper Installation,300190-Mechanical-Tunnels-Progress Drawings.pdf,
SDD-2441,TVS Damper,MA005 - TVS Damper Installation,300190-Mechanical-Tunnels-Progress Drawings.pdf,
SDD-2442,TVS Damper,MA005 - TVS Damper Installation,300190-Mechanical-Tunnels-Progress Drawings.pdf,
SDD-2443,TVS Damper,MA005 - TVS Damper Installation,300190-Mechanical-Tunnels-Progress Drawings.pdf,
SDD-2444,TVS Damper,MA005 - TVS Damper Installation,300190-Mechanical-Tunnels-Progress Drawings.pdf,
SDD-2445,TVS Damper,MA005 - TVS Damper Installation,300190-Mechanical-Tunnels-Progress Drawings.pdf,
SDD-2446,TVS Damper,MA005 - TVS Damper Installation,300190-Mechanical-Tunnels-Progress Drawings.pdf,
SDD-2447,TVS Damper,MA005 - TVS Damper Installation,300190-Mechanical-Tunnels-Progress Drawings.pdf,
SDD-2448,TVS Damper,MA005 - TVS Damper Installation,300190-Mechanical-Tunnels-Progress Drawings.pdf,
SDD-2449,TVS Damper,MA005 - TVS Damper Installation,300190-Mechanical-Tunnels-Progress Drawings.pdf,
SDD-2450,TVS Damper,MA005 - TVS Damper Installation,300190-Mechanical-Tunnels-Progress Drawings.pdf,
SDD-2451,TVS Damper,MA005 - TVS Damper Installation,300190-Mechanical-Tunnels-Progress Drawings.pdf,
SDD-2452,TVS Damper,MA005 - TVS Damper Installation,300190-Mechanical-Tunnels-Progress Drawings.pdf,
SDD-2453,TVS Damper,MA005 - TVS Damper Installation,300190-Mechanical-Tunnels-Progress Drawings.pdf,
SDD-2454,TVS Damper,MA005 - TVS Damper Installation,300190-Mechanical-Tunnels-Progress Drawings.pdf,
SDD-2455,TVS Damper,MA005 - TVS Damper Installation,300190-Mechanical-Tunnels-Progress Drawings.pdf,
SDD-2456,TVS Damper,MA005 - TVS Damper Installation,300190-Mechanical-Tunnels-Progress Drawings.pdf,
SDD-2457,TVS Damper,MA005 - TVS Damper Installation,300190-Mechanical-Tunnels-Progress Drawings.pdf,
SDD-2458,TVS Damper,MA005 - TVS Damper Installation,300190-Mechanical-Tunnels-Progress Drawings.pdf,
SDD-2459,TVS Damper,MA005 - TVS Damper Installation,300190-Mechanical-Tunnels-Progress Drawings.pdf,
SDD-2460,TVS Damper,MA005 - TVS Damper Installation,300190-Mechanical-Tunnels-Progress Drawings.pdf,
SDD-2461,TVS Damper,MA005 - TVS Damper Installation,300190-Mechanical-Tunnels-Progress Drawings.pdf,
SDD-2462,TVS Damper,MA005 - TVS Damper Installation,300190-Mechanical-Tunnels-Progress Drawings.pdf,
SDD-2463,TVS Damper,MA005 - TVS Damper Installation,300190-Mechanical-Tunnels-Progress Drawings.pdf,
SDD-2464,TVS Damper,MA005 - TVS Damper Installation,300190-Mechanical-Tunnels-Progress Drawings.pdf,
SDD-2465,TVS Damper,MA005 - TVS Damper Installation,300190-Mechanical-Tunnels-Progress Drawings.pdf,
SDD-2466,TVS Damper,MA005 - TVS Damper Installation,300190-Mechanical-Tunnels-Progress Drawings.pdf,
SDD-2467,TVS Damper,MA005 - TVS Damper Installation,300190-Mechanical-Tunnels-Progress Drawings.pdf,
SDD-2468,TVS Damper,MA005 - TVS Damper Installation,300190-Mechanical-Tunnels-Progress Drawings.pdf,
SDD-2469,TVS Damper,MA005 - TVS Damper Installation,300190-Mechanical-Tunnels-Progress Drawings.pdf,
SDD-2470,TVS Damper,MA005 - TVS Damper Installation,300190-Mechanical-Tunnels-Progress Drawings.pdf,
SDD-2471,TVS Damper,MA005 - TVS Damper Installation,300190-Mechanical-Tunnels-Progress Drawings.pdf,
SDD-2472,TVS Damper,MA005 - TVS Damper Installation,300190-Mechanical-Tunnels-Progress Drawings.pdf,
SDD-2473,TVS Damper,MA005 - TVS Damper Installation,300190-Mechanical-Tunnels-Progress Drawings.pdf,
SDD-2474,TVS Damper,MA005 - TVS Damper Installation,300190-Mechanical-Tunnels-Progress Drawings.pdf,
SDD-2475,TVS Damper,MA005 - TVS Damper Installation,300190-Mechanical-Tunnels-Progress Drawings.pdf,
SDD-2476,TVS Damper,MA005 - TVS Damper Installation,300190-Mechanical-Tunnels-Progress Drawings.pdf,
SDD-2477,TVS Damper,MA005 - TVS Damper Installation,300190-Mechanical-Tunnels-Progress Drawings.pdf,
SDD-2478,TVS Damper,MA005 - TVS Damper Installation,300190-Mechanical-Tunnels-Progress Drawings.pdf,
SDD-2479,TVS Damper,MA005 - TVS Damper Installation,300190-Mechanical-Tunnels-Progress Drawings.pdf,
SDD-2480,TVS Damper,MA005 - TVS Damper Installation,300190-Mechanical-Tunnels-Progress Drawings.pdf,
SDD-2481,TVS Damper,MA005 - TVS Damper Installation,300190-Mechanical-Tunnels-Progress Drawings.pdf,
SDD-2482,TVS Damper,MA005 - TVS Damper Installation,300190-Mechanical-Tunnels-Progress Drawings.pdf,
SDD-2483,TVS Damper,MA005 - TVS Damper Installation,300190-Mechanical-Tunnels-Progress Drawings.pdf,
SDD-2484,TVS Damper,MA005 - TVS Damper Installation,300190-Mechanical-Tunnels-Progress Drawings.pdf,
SDD-2485,TVS Damper,MA005 - TVS Damper Installation,300190-Mechanical-Tunnels-Progress Drawings.pdf,
SDD-2486,TVS Damper,MA005 - TVS Damper Installation,300190-Mechanical-Tunnels-Progress Drawings.pdf,
SDD-2487,TVS Damper,MA005 - TVS Damper Installation,300190-Mechanical-Tunnels-Progress Drawings.pdf,
SDD-2488,TVS Damper,MA005 - TVS Damper Installation,300190-Mechanical-Tunnels-Progress Drawings.pdf,
SDD-2489,TVS Damper,MA005 - TVS Damper Installation,300190-Mechanical-Tunnels-Progress Drawings.pdf,
SDD-2490,TVS Damper,MA005 - TVS Damper Installation,300190-Mechanical-Tunnels-Progress Drawings.pdf,
SDD-2491,TVS Damper,MA005 - TVS Damper Installation,300190-Mechanical-Tunnels-Progress Drawings.pdf,
SDD-2492,TVS Damper,MA005 - TVS Damper Installation,300190-Mechanical-Tunnels-Progress Drawings.pdf,
SDD-2493,TVS Damper,MA005 - TVS Damper Installation,300190-Mechanical-Tunnels-Progress Drawings.pdf,
SDD-2494,TVS Damper,MA005 - TVS Damper Installation,300190-Mechanical-Tunnels-Progress Drawings.pdf,
SDD-2495,TVS Damper,MA005 - TVS Damper Installation,300190-Mechanical-Tunnels-Progress Drawings.pdf,
SDD-2496,TVS Damper,MA005 - TVS Damper Installation,300190-Mechanical-Tunnels-Progress Drawings.pdf,
SDD-2497,TVS Damper,MA005 - TVS Damper Installation,300190-Mechanical-Tunnels-Progress Drawings.pdf,
SDD-2498,TVS Damper,MA005 - TVS Damper Installation,300190-Mechanical-Tunnels-Progress Drawings.pdf,
SDD-2499,TVS Damper,MA005 - TVS Damper Installation,300190-Mechanical-Tunnels-Progress Drawings.pdf,
SDD-2500,TVS Damper,MA005 - TVS Damper Installation,300190-Mechanical-Tunnels-Progress Drawings.pdf,
SDD-2501,TVS Damper,MA005 - TVS Damper Installation,300190-Mechanical-Tunnels-Progress Drawings.pdf,
SDD-2502,TVS Damper,MA005 - TVS Damper Installation,300190-Mechanical-Tunnels-Progress Drawings.pdf,
SDD-2503,TVS Damper,MA005 - TVS Damper Installation,300190-Mechanical-Tunnels-Progress Drawings.pdf,
SDD-2504,TVS Damper,MA005 - TVS Damper Installation,300190-Mechanical-Tunnels-Progress Drawings.pdf,
SDD-2505,TVS Damper,MA005 - TVS Damper Installation,300190-Mechanical-Tunnels-Progress Drawings.pdf,
SDD-2506,TVS Damper,MA005 - TVS Damper Installation,300190-Mechanical-Tunnels-Progress Drawings.pdf,
SDD-2507,TVS Damper,MA005 - TVS Damper Installation,300190-Mechanical-Tunnels-Progress Drawings.pdf,
SDD-2508,TVS Damper,MA005 - TVS Damper Installation,300190-Mechanical-Tunnels-Progress Drawings.pdf,
SDD-2509,TVS Damper,MA005 - TVS Damper Installation,300190-Mechanical-Tunnels-Progress Drawings.pdf,
SDD-2510,TVS Damper,MA005 - TVS Damper Installation,300190-Mechanical-Tunnels-Progress Drawings.pdf,
SDD-2511,TVS Damper,MA005 - TVS Damper Installation,300190-Mechanical-Tunnels-Progress Drawings.pdf,
SDD-2512,TVS Damper,MA005 - TVS Damper Installation,300190-Mechanical-Tunnels-Progress Drawings.pdf,
SDD-2513,TVS Damper,MA005 - TVS Damper Installation,300190-Mechanical-Tunnels-Progress Drawings.pdf,
SDD-2514,TVS Damper,MA005 - TVS Damper Installation,300190-Mechanical-Tunnels-Progress Drawings.pdf,
SDD-2515,TVS Damper,MA005 - TVS Damper Installation,300190-Mechanical-Tunnels-Progress Drawings.pdf,
SDD-2516,TVS Damper,MA005 - TVS Damper Installation,300190-Mechanical-Tunnels-Progress Drawings.pdf,
SDD-2517,TVS Damper,MA005 - TVS Damper Installation,300190-Mechanical-Tunnels-Progress Drawings.pdf,
SDD-2518,TVS Damper,MA005 - TVS Damper Installation,300190-Mechanical-Tunnels-Progress Drawings.pdf,
SDD-2519,TVS Damper,MA005 - TVS Damper Installation,300190-Mechanical-Tunnels-Progress Drawings.pdf,
SDD-2520,TVS Damper,MA005 - TVS Damper Installation,300190-Mechanical-Tunnels-Progress Drawings.pdf,
SDD-2521,TVS Damper,MA005 - TVS Damper Installation,300190-Mechanical-Tunnels-Progress Drawings.pdf,
SDD-2522,TVS Damper,MA005 - TVS Damper Installation,300190-Mechanical-Tunnels-Progress Drawings.pdf,
SDD-2523,TVS Damper,MA005 - TVS Damper Installation,300190-Mechanical-Tunnels-Progress Drawings.pdf,
SDD-2524,TVS Damper,MA005 - TVS Damper Installation,300190-Mechanical-Tunnels-Progress Drawings.pdf,
SDD-2525,TVS Damper,MA005 - TVS Damper Installation,300190-Mechanical-Tunnels-Progress Drawings.pdf,
SDD-2526,TVS Damper,MA005 - TVS Damper Installation,300190-Mechanical-Tunnels-Progress Drawings.pdf,
SDD-2527,TVS Damper,MA005 - TVS Damper Installation,300190-Mechanical-Tunnels-Progress Drawings.pdf,
SDD-2528,TVS Damper,MA005 - TVS Damper Installation,300190-Mechanical-Tunnels-Progress Drawings.pdf,
SDD-2529,TVS Damper,MA005 - TVS Damper Installation,300190-Mechanical-Tunnels-Progress Drawings.pdf,
SDD-2530,TVS Damper,MA005 - TVS Damper Installation,300190-Mechanical-Tunnels-Progress Drawings.pdf,
SDD-2531,TVS Damper,MA005 - TVS Damper Installation,300190-Mechanical-Tunnels-Progress Drawings.pdf,
SDD-2532,TVS Damper,MA005 - TVS Damper Installation,300190-Mechanical-Tunnels-Progress Drawings.pdf,
SDD-2533,TVS Damper,MA005 - TVS Damper Installation,300190-Mechanical-Tunnels-Progress Drawings.pdf,
SDD-2534,TVS Damper,MA005 - TVS Damper Installation,300190-Mechanical-Tunnels-Progress Drawings.pdf,
SDD-2535,TVS Damper,MA005 - TVS Damper Installation,300190-Mechanical-Tunnels-Progress Drawings.pdf,
SDD-2536,TVS Damper,MA005 - TVS Damper Installation,300190-Mechanical-Tunnels-Progress Drawings.pdf,
SDD-2537,TVS Damper,MA005 - TVS Damper Installation,300190-Mechanical-Tunnels-Progress Drawings.pdf,
SDD-2538,TVS Damper,MA005 - TVS Damper Installation,300190-Mechanical-Tunnels-Progress Drawings.pdf,
SDD-2539,TVS Damper,MA005 - TVS Damper Installation,300190-Mechanical-Tunnels-Progress Drawings.pdf,
SDD-2540,TVS Damper,MA005 - TVS Damper Installation,300190-Mechanical-Tunnels-Progress Drawings.pdf,
SDD-2541,TVS Damper,MA005 - TVS Damper Installation,300190-Mechanical-Tunnels-Progress Drawings.pdf,
SDD-2542,TVS Damper,MA005 - TVS Damper Installation,300190-Mechanical-Tunnels-Progress Drawings.pdf,
SDD-2543,TVS Damper,MA005 - TVS Damper Installation,300190-Mechanical-Tunnels-Progress Drawings.pdf,
SDD-2544,TVS Damper,MA005 - TVS Damper Installation,300190-Mechanical-Tunnels-Progress Drawings.pdf,
SDD-2545,TVS Damper,MA005 - TVS Damper Installation,300190-Mechanical-Tunnels-Progress Drawings.pdf,
SDD-2546,TVS Damper,MA005 - TVS Damper Installation,300190-Mechanical-Tunnels-Progress Drawings.pdf,
SDD-2547,TVS Damper,MA005 - TVS Damper Installation,300190-Mechanical-Tunnels-Progress Drawings.pdf,
SDD-2548,TVS Damper,MA005 - TVS Damper Installation,300190-Mechanical-Tunnels-Progress Drawings.pdf,
SDD-2549,TVS Damper,MA005 - TVS Damper Installation,300190-Mechanical-Tunnels-Progress Drawings.pdf,
SDD-2550,TVS Damper,MA005 - TVS Damper Installation,300190-Mechanical-Tunnels-Progress Drawings.pdf,
SDD-2551,TVS Damper,MA005 - TVS Damper Installation,300190-Mechanical-Tunnels-Progress Drawings.pdf,
SDD-2552,TVS Damper,MA005 - TVS Damper Installation,300190-Mechanical-Tunnels-Progress Drawings.pdf,
SDD-2553,TVS Damper,MA005 - TVS Damper Installation,300190-Mechanical-Tunnels-Progress Drawings.pdf,
SDD-2554,TVS Damper,MA005 - TVS Damper Installation,300190-Mechanical-Tunnels-Progress Drawings.pdf,
SDD-2555,TVS Damper,MA005 - TVS Damper Installation,300190-Mechanical-Tunnels-Progress Drawings.pdf,
SDD-2556,TVS Damper,MA005 - TVS Damper Installation,300190-Mechanical-Tunnels-Progress Drawings.pdf,
SDD-2557,TVS Damper,MA005 - TVS Damper Installation,300190-Mechanical-Tunnels-Progress Drawings.pdf,
SDD-2558,TVS Damper,MA005 - TVS Damper Installation,300190-Mechanical-Tunnels-Progress Drawings.pdf,
SDD-2559,TVS Damper,MA005 - TVS Damper Installation,300190-Mechanical-Tunnels-Progress Drawings.pdf,
SDD-2560,TVS Damper,MA005 - TVS Damper Installation,300190-Mechanical-Tunnels-Progress Drawings.pdf,
SDD-2561,TVS Damper,MA005 - TVS Damper Installation,300190-Mechanical-Tunnels-Progress Drawings.pdf,
SDD-2562,TVS Damper,MA005 - TVS Damper Installation,300190-Mechanical-Tunnels-Progress Drawings.pdf,
SDD-2563,TVS Damper,MA005 - TVS Damper Installation,300190-Mechanical-Tunnels-Progress Drawings.pdf,
SDD-2564,TVS Damper,MA005 - TVS Damper Installation,300190-Mechanical-Tunnels-Progress Drawings.pdf,
SDD-2565,TVS Damper,MA005 - TVS Damper Installation,300190-Mechanical-Tunnels-Progress Drawings.pdf,
SDD-2566,TVS Damper,MA005 - TVS Damper Installation,300190-Mechanical-Tunnels-Progress Drawings.pdf,
SDD-2567,TVS Damper,MA005 - TVS Damper Installation,300190-Mechanical-Tunnels-Progress Drawings.pdf,
SDD-2568,TVS Damper,MA005 - TVS Damper Installation,300190-Mechanical-Tunnels-Progress Drawings.pdf,
SDD-2569,TVS Damper,MA005 - TVS Damper Installation,300190-Mechanical-Tunnels-Progress Drawings.pdf,
SDD-2570,TVS Damper,MA005 - TVS Damper Installation,300190-Mechanical-Tunnels-Progress Drawings.pdf,
SDD-2571,TVS Damper,MA005 - TVS Damper Installation,300190-Mechanical-Tunnels-Progress Drawings.pdf,
SDD-2572,TVS Damper,MA005 - TVS Damper Installation,300190-Mechanical-Tunnels-Progress Drawings.pdf,
SDD-2573,TVS Damper,MA005 - TVS Damper Installation,300190-Mechanical-Tunnels-Progress Drawings.pdf,
SDD-2574,TVS Damper,MA005 - TVS Damper Installation,300190-Mechanical-Tunnels-Progress Drawings.pdf,
SDD-2575,TVS Damper,MA005 - TVS Damper Installation,300190-Mechanical-Tunnels-Progress Drawings.pdf,
SDD-2576,TVS Damper,MA005 - TVS Damper Installation,300190-Mechanical-Tunnels-Progress Drawings.pdf,
SDD-2577,TVS Damper,MA005 - TVS Damper Installation,300190-Mechanical-Tunnels-Progress Drawings.pdf,
SDD-2578,TVS Damper,MA005 - TVS Damper Installation,300190-Mechanical-Tunnels-Progress Drawings.pdf,
SDD-2579,TVS Damper,MA005 - TVS Damper Installation,300190-Mechanical-Tunnels-Progress Drawings.pdf,
SDD-2580,TVS Damper,MA005 - TVS Damper Installation,300190-Mechanical-Tunnels-Progress Drawings.pdf,
SDD-2581,TVS Damper,MA005 - TVS Damper Installation,300190-Mechanical-Tunnels-Progress Drawings.pdf,
SDD-2582,TVS Damper,MA005 - TVS Damper Installation,300190-Mechanical-Tunnels-Progress Drawings.pdf,
SDD-2583,TVS Damper,MA005 - TVS Damper Installation,300190-Mechanical-Tunnels-Progress Drawings.pdf,
SDD-2584,TVS Damper,MA005 - TVS Damper Installation,300190-Mechanical-Tunnels-Progress Drawings.pdf,
SDD-2585,TVS Damper,MA005 - TVS Damper Installation,300190-Mechanical-Tunnels-Progress Drawings.pdf,
SDD-2586,TVS Damper,MA005 - TVS Damper Installation,300190-Mechanical-Tunnels-Progress Drawings.pdf,
SDD-2587,TVS Damper,MA005 - TVS Damper Installation,300190-Mechanical-Tunnels-Progress Drawings.pdf,
SDD-2588,TVS Damper,MA005 - TVS Damper Installation,300190-Mechanical-Tunnels-Progress Drawings.pdf,
SDD-2589,TVS Damper,MA005 - TVS Damper Installation,300190-Mechanical-Tunnels-Progress Drawings.pdf,
SDD-2590,TVS Damper,MA005 - TVS Damper Installation,300190-Mechanical-Tunnels-Progress Drawings.pdf,
SDD-2591,TVS Damper,MA005 - TVS Damper Installation,300190-Mechanical-Tunnels-Progress Drawings.pdf,
SDD-2592,TVS Damper,MA005 - TVS Damper Installation,300190-Mechanical-Tunnels-Progress Drawings.pdf,
SDD-2593,TVS Damper,MA005 - TVS Damper Installation,300190-Mechanical-Tunnels-Progress Drawings.pdf,
SDD-2594,TVS Damper,MA005 - TVS Damper Installation,300190-Mechanical-Tunnels-Progress Drawings.pdf,
SDD-2595,TVS Damper,MA005 - TVS Damper Installation,300190-Mechanical-Tunnels-Progress Drawings.pdf,
SDD-2596,TVS Damper,MA005 - TVS Damper Installation,300190-Mechanical-Tunnels-Progress Drawings.pdf,
SDD-2597,TVS Damper,MA005 - TVS Damper Installation,300190-Mechanical-Tunnels-Progress Drawings.pdf,
SDD-2598,TVS Damper,MA005 - TVS Damper Installation,300190-Mechanical-Tunnels-Progress Drawings.pdf,
SDD-2599,TVS Damper,MA005 - TVS Damper Installation,300190-Mechanical-Tunnels-Progress Drawings.pdf,
SDD-2600,TVS Damper,MA005 - TVS Damper Installation,300190-Mechanical-Tunnels-Progress Drawings.pdf,
SDD-2601,TVS Damper,MA005 - TVS Damper Installation,300190-Mechanical-Tunnels-Progress Drawings.pdf,
SDD-2602,TVS Damper,MA005 - TVS Damper Installation,300190-Mechanical-Tunnels-Progress Drawings.pdf,
SDD-2603,TVS Damper,MA005 - TVS Damper Installation,300190-Mechanical-Tunnels-Progress Drawings.pdf,
SDD-2604,TVS Damper,MA005 - TVS Damper Installation,300190-Mechanical-Tunnels-Progress Drawings.pdf,
SDD-2605,TVS Damper,MA005 - TVS Damper Installation,300190-Mechanical-Tunnels-Progress Drawings.pdf,
SDD-2606,TVS Damper,MA005 - TVS Damper Installation,300190-Mechanical-Tunnels-Progress Drawings.pdf,
SDD-2607,TVS Damper,MA005 - TVS Damper Installation,300190-Mechanical-Tunnels-Progress Drawings.pdf,
SDD-2608,TVS Damper,MA005 - TVS Damper Installation,300190-Mechanical-Tunnels-Progress Drawings.pdf,
SDD-2609,TVS Damper,MA005 - TVS Damper Installation,300190-Mechanical-Tunnels-Progress Drawings.pdf,
SDD-2610,TVS Damper,MA005 - TVS Damper Installation,300190-Mechanical-Tunnels-Progress Drawings.pdf,
SDD-2611,TVS Damper,MA005 - TVS Damper Installation,300190-Mechanical-Tunnels-Progress Drawings.pdf,
SDD-2612,TVS Damper,MA005 - TVS Damper Installation,300190-Mechanical-Tunnels-Progress Drawings.pdf,
SDD-2613,TVS Damper,MA005 - TVS Damper Installation,300190-Mechanical-Tunnels-Progress Drawings.pdf,
SDD-2614,TVS Damper,MA005 - TVS Damper Installation,300190-Mechanical-Tunnels-Progress Drawings.pdf,
SDD-2615,TVS Damper,MA005 - TVS Damper Installation,300190-Mechanical-Tunnels-Progress Drawings.pdf,
SDD-2616,TVS Damper,MA005 - TVS Damper Installation,300190-Mechanical-Tunnels-Progress Drawings.pdf,
SDD-2617,TVS Damper,MA005 - TVS Damper Installation,300190-Mechanical-Tunnels-Progress Drawings.pdf,
SDD-2618,TVS Damper,MA005 - TVS Damper Installation,300190-Mechanical-Tunnels-Progress Drawings.pdf,
SDD-2619,TVS Damper,MA005 - TVS Damper Installation,300190-Mechanical-Tunnels-Progress Drawings.pdf,
SDD-2620,TVS Damper,MA005 - TVS Damper Installation,300190-Mechanical-Tunnels-Progress Drawings.pdf,
SDD-2621,TVS Damper,MA005 - TVS Damper Installation,300190-Mechanical-Tunnels-Progress Drawings.pdf,
SDD-2622,TVS Damper,MA005 - TVS Damper Installation,300190-Mechanical-Tunnels-Progress Drawings.pdf,
SDD-2623,TVS Damper,MA005 - TVS Damper Installation,300190-Mechanical-Tunnels-Progress Drawings.pdf,
SDD-2624,TVS Damper,MA005 - TVS Damper Installation,300190-Mechanical-Tunnels-Progress Drawings.pdf,
SDD-2625,TVS Damper,MA005 - TVS Damper Installation,300190-Mechanical-Tunnels-Progress Drawings.pdf,
SDD-2626,TVS Damper,MA005 - TVS Damper Installation,300190-Mechanical-Tunnels-Progress Drawings.pdf,
SDD-2627,TVS Damper,MA005 - TVS Damper Installation,300190-Mechanical-Tunnels-Progress Drawings.pdf,
SDD-2628,TVS Damper,MA005 - TVS Damper Installation,300190-Mechanical-Tunnels-Progress Drawings.pdf,
SDD-2629,TVS Damper,MA005 - TVS Damper Installation,300190-Mechanical-Tunnels-Progress Drawings.pdf,
SDD-2630,TVS Damper,MA005 - TVS Damper Installation,300190-Mechanical-Tunnels-Progress Drawings.pdf,
SDD-2631,TVS Damper,MA005 - TVS Damper Installation,300190-Mechanical-Tunnels-Progress Drawings.pdf,
SDD-2632,TVS Damper,MA005 - TVS Damper Installation,300190-Mechanical-Tunnels-Progress Drawings.pdf,
SDD-2633,TVS Damper,MA005 - TVS Damper Installation,300190-Mechanical-Tunnels-Progress Drawings.pdf,
SDD-2634,TVS Damper,MA005 - TVS Damper Installation,300190-Mechanical-Tunnels-Progress Drawings.pdf,
SDD-2635,TVS Damper,MA005 - TVS Damper Installation,300190-Mechanical-Tunnels-Progress Drawings.pdf,
SDD-2636,TVS Damper,MA005 - TVS Damper Installation,300190-Mechanical-Tunnels-Progress Drawings.pdf,
SDD-2637,TVS Damper,MA005 - TVS Damper Installation,300190-Mechanical-Tunnels-Progress Drawings.pdf,
SDD-2638,TVS Damper,MA005 - TVS Damper Installation,300190-Mechanical-Tunnels-Progress Drawings.pdf,
SDD-2639,TVS Damper,MA005 - TVS Damper Installation,300190-Mechanical-Tunnels-Progress Drawings.pdf,
SDD-2640,TVS Damper,MA005 - TVS Damper Installation,300190-Mechanical-Tunnels-Progress Drawings.pdf,
SDD-2641,TVS Damper,MA005 - TVS Damper Installation,300190-Mechanical-Tunnels-Progress Drawings.pdf,
SDD-2642,TVS Damper,MA005 - TVS Damper Installation,300190-Mechanical-Tunnels-Progress Drawings.pdf,
SDD-2643,TVS Damper,MA005 - TVS Damper Installation,300190-Mechanical-Tunnels-Progress Drawings.pdf,
SDD-2644,TVS Damper,MA005 - TVS Damper Installation,300190-Mechanical-Tunnels-Progress Drawings.pdf,
SDD-2645,TVS Damper,MA005 - TVS Damper Installation,300190-Mechanical-Tunnels-Progress Drawings.pdf,
SDD-2646,TVS Damper,MA005 - TVS Damper Installation,300190-Mechanical-Tunnels-Progress Drawings.pdf,
SDD-2647,TVS Damper,MA005 - TVS Damper Installation,300190-Mechanical-Tunnels-Progress Drawings.pdf,
SDD-2648,TVS Damper,MA005 - TVS Damper Installation,300190-Mechanical-Tunnels-Progress Drawings.pdf,
SDD-2649,TVS Damper,MA005 - TVS Damper Installation,300190-Mechanical-Tunnels-Progress Drawings.pdf,
SDD-2650,TVS Damper,MA005 - TVS Damper Installation,300190-Mechanical-Tunnels-Progress Drawings.pdf,
SDD-2651,TVS Damper,MA005 - TVS Damper Installation,300190-Mechanical-Tunnels-Progress Drawings.pdf,
SDD-2652,TVS Damper,MA005 - TVS Damper Installation,300190-Mechanical-Tunnels-Progress Drawings.pdf,
SDD-2653,TVS Damper,MA005 - TVS Damper Installation,300190-Mechanical-Tunnels-Progress Drawings.pdf,
SDD-2654,TVS Damper,MA005 - TVS Damper Installation,300190-Mechanical-Tunnels-Progress Drawings.pdf,
SDD-2655,TVS Damper,MA005 - TVS Damper Installation,300190-Mechanical-Tunnels-Progress Drawings.pdf,
SDD-2656,TVS Damper,MA005 - TVS Damper Installation,300190-Mechanical-Tunnels-Progress Drawings.pdf,
SDD-2657,TVS Damper,MA005 - TVS Damper Installation,300190-Mechanical-Tunnels-Progress Drawings.pdf,
SDD-2658,TVS Damper,MA005 - TVS Damper Installation,300190-Mechanical-Tunnels-Progress Drawings.pdf,
SDD-2659,TVS Damper,MA005 - TVS Damper Installation,300190-Mechanical-Tunnels-Progress Drawings.pdf,
SDD-2660,TVS Damper,MA005 - TVS Damper Installation,300190-Mechanical-Tunnels-Progress Drawings.pdf,
SDD-2661,TVS Damper,MA005 - TVS Damper Installation,300190-Mechanical-Tunnels-Progress Drawings.pdf,
SDD-2662,TVS Damper,MA005 - TVS Damper Installation,300190-Mechanical-Tunnels-Progress Drawings.pdf,
SDD-2663,TVS Damper,MA005 - TVS Damper Installation,300190-Mechanical-Tunnels-Progress Drawings.pdf,
SDD-2664,TVS Damper,MA005 - TVS Damper Installation,300190-Mechanical-Tunnels-Progress Drawings.pdf,
SDD-2665,TVS Damper,MA005 - TVS Damper Installation,300190-Mechanical-Tunnels-Progress Drawings.pdf,
SDD-2666,TVS Damper,MA005 - TVS Damper Installation,300190-Mechanical-Tunnels-Progress Drawings.pdf,
SDD-2667,TVS Damper,MA005 - TVS Damper Installation,300190-Mechanical-Tunnels-Progress Drawings.pdf,
SDD-2668,TVS Damper,MA005 - TVS Damper Installation,300190-Mechanical-Tunnels-Progress Drawings.pdf,
SDD-2669,TVS Damper,MA005 - TVS Damper Installation,300190-Mechanical-Tunnels-Progress Drawings.pdf,
SDD-2670,TVS Damper,MA005 - TVS Damper Installation,300190-Mechanical-Tunnels-Progress Drawings.pdf,
SDD-2671,TVS Damper,MA005 - TVS Damper Installation,300190-Mechanical-Tunnels-Progress Drawings.pdf,
SDD-2672,TVS Damper,MA005 - TVS Damper Installation,300190-Mechanical-Tunnels-Progress Drawings.pdf,
SDD-2673,TVS Damper,MA005 - TVS Damper Installation,300190-Mechanical-Tunnels-Progress Drawings.pdf,
SDD-2674,TVS Damper,MA005 - TVS Damper Installation,300190-Mechanical-Tunnels-Progress Drawings.pdf,
SDD-2675,TVS Damper,MA005 - TVS Damper Installation,300190-Mechanical-Tunnels-Progress Drawings.pdf,
SDD-2676,TVS Damper,MA005 - TVS Damper Installation,300190-Mechanical-Tunnels-Progress Drawings.pdf,
SDD-2677,TVS Damper,MA005 - TVS Damper Installation,300190-Mechanical-Tunnels-Progress Drawings.pdf,
SDD-2678,TVS Damper,MA005 - TVS Damper Installation,300190-Mechanical-Tunnels-Progress Drawings.pdf,
SDD-2679,TVS Damper,MA005 - TVS Damper Installation,300190-Mechanical-Tunnels-Progress Drawings.pdf,
SDD-2680,TVS Damper,MA005 - TVS Damper Installation,300190-Mechanical-Tunnels-Progress Drawings.pdf,
SDD-2681,TVS Damper,MA005 - TVS Damper Installation,300190-Mechanical-Tunnels-Progress Drawings.pdf,
SDD-2682,TVS Damper,MA005 - TVS Damper Installation,300190-Mechanical-Tunnels-Progress Drawings.pdf,
SDD-2683,TVS Damper,MA005 - TVS Damper Installation,300190-Mechanical-Tunnels-Progress Drawings.pdf,
SDD-2684,TVS Damper,MA005 - TVS Damper Installation,300190-Mechanical-Tunnels-Progress Drawings.pdf,
SDD-2685,TVS Damper,MA005 - TVS Damper Installation,300190-Mechanical-Tunnels-Progress Drawings.pdf,
SDD-2686,TVS Damper,MA005 - TVS Damper Installation,300190-Mechanical-Tunnels-Progress Drawings.pdf,
SDD-2687,TVS Damper,MA005 - TVS Damper Installation,300190-Mechanical-Tunnels-Progress Drawings.pdf,
SDD-2688,TVS Damper,MA005 - TVS Damper Installation,300190-Mechanical-Tunnels-Progress Drawings.pdf,
SDD-2689,TVS Damper,MA005 - TVS Damper Installation,300190-Mechanical-Tunnels-Progress Drawings.pdf,
SDD-2690,TVS Damper,MA005 - TVS Damper Installation,300190-Mechanical-Tunnels-Progress Drawings.pdf,
SDD-2691,TVS Damper,MA005 - TVS Damper Installation,300190-Mechanical-Tunnels-Progress Drawings.pdf,
SDD-2692,TVS Damper,MA005 - TVS Damper Installation,300190-Mechanical-Tunnels-Progress Drawings.pdf,
SDD-2693,TVS Damper,MA005 - TVS Damper Installation,300190-Mechanical-Tunnels-Progress Drawings.pdf,
SDD-2694,TVS Damper,MA005 - TVS Damper Installation,300190-Mechanical-Tunnels-Progress Drawings.pdf,
SDD-2695,TVS Damper,MA005 - TVS Damper Installation,300190-Mechanical-Tunnels-Progress Drawings.pdf,
SDD-2696,TVS Damper,MA005 - TVS Damper Installation,300190-Mechanical-Tunnels-Progress Drawings.pdf,
SDD-2697,TVS Damper,MA005 - TVS Damper Installation,300190-Mechanical-Tunnels-Progress Drawings.pdf,
SDD-2698,TVS Damper,MA005 - TVS Damper Installation,300190-Mechanical-Tunnels-Progress Drawings.pdf,
SDD-2699,TVS Damper,MA005 - TVS Damper Installation,300190-Mechanical-Tunnels-Progress Drawings.pdf,
SDD-2700,TVS Damper,MA005 - TVS Damper Installation,300190-Mechanical-Tunnels-Progress Drawings.pdf,
SDD-2701,TVS Damper,MA005 - TVS Damper Installation,300190-Mechanical-Tunnels-Progress Drawings.pdf,
SDD-2702,TVS Damper,MA005 - TVS Damper Installation,300190-Mechanical-Tunnels-Progress Drawings.pdf,
SDD-2703,TVS Damper,MA005 - TVS Damper Installation,300190-Mechanical-Tunnels-Progress Drawings.pdf,
SDD-2704,TVS Damper,MA005 - TVS Damper Installation,300190-Mechanical-Tunnels-Progress Drawings.pdf,
SDD-2705,TVS Damper,MA005 - TVS Damper Installation,300190-Mechanical-Tunnels-Progress Drawings.pdf,
SDD-2706,TVS Damper,MA005 - TVS Damper Installation,300190-Mechanical-Tunnels-Progress Drawings.pdf,
SDD-2707,TVS Damper,MA005 - TVS Damper Installation,300190-Mechanical-Tunnels-Progress Drawings.pdf,
SDD-2708,TVS Damper,MA005 - TVS Damper Installation,300190-Mechanical-Tunnels-Progress Drawings.pdf,
SDD-2709,TVS Damper,MA005 - TVS Damper Installation,300190-Mechanical-Tunnels-Progress Drawings.pdf,
SDD-2710,TVS Damper,MA005 - TVS Damper Installation,300190-Mechanical-Tunnels-Progress Drawings.pdf,
SDD-2711,TVS Damper,MA005 - TVS Damper Installation,300190-Mechanical-Tunnels-Progress Drawings.pdf,
SDD-2712,TVS Damper,MA005 - TVS Damper Installation,300190-Mechanical-Tunnels-Progress Drawings.pdf,
SDD-2713,TVS Damper,MA005 - TVS Damper Installation,300190-Mechanical-Tunnels-Progress Drawings.pdf,
SDD-2714,TVS Damper,MA005 - TVS Damper Installation,300190-Mechanical-Tunnels-Progress Drawings.pdf,
SDD-2715,TVS Damper,MA005 - TVS Damper Installation,300190-Mechanical-Tunnels-Progress Drawings.pdf,
SDD-2716,TVS Damper,MA005 - TVS Damper Installation,300190-Mechanical-Tunnels-Progress Drawings.pdf,
SDD-2717,TVS Damper,MA005 - TVS Damper Installation,300190-Mechanical-Tunnels-Progress Drawings.pdf,
SDD-2718,TVS Damper,MA005 - TVS Damper Installation,300190-Mechanical-Tunnels-Progress Drawings.pdf,
SDD-2719,TVS Damper,MA005 - TVS Damper Installation,300190-Mechanical-Tunnels-Progress Drawings.pdf,
SDD-2720,TVS Damper,MA005 - TVS Damper Installation,300190-Mechanical-Tunnels-Progress Drawings.pdf,
SDD-2721,TVS Damper,MA005 - TVS Damper Installation,300190-Mechanical-Tunnels-Progress Drawings.pdf,
SDD-2722,TVS Damper,MA005 - TVS Damper Installation,300190-Mechanical-Tunnels-Progress Drawings.pdf,
SDD-2723,TVS Damper,MA005 - TVS Damper Installation,300190-Mechanical-Tunnels-Progress Drawings.pdf,
SDD-2724,TVS Damper,MA005 - TVS Damper Installation,300190-Mechanical-Tunnels-Progress Drawings.pdf,
SDD-2725,TVS Damper,MA005 - TVS Damper Installation,300190-Mechanical-Tunnels-Progress Drawings.pdf,
SDD-2726,TVS Damper,MA005 - TVS Damper Installation,300190-Mechanical-Tunnels-Progress Drawings.pdf,
SDD-2727,TVS Damper,MA005 - TVS Damper Installation,300190-Mechanical-Tunnels-Progress Drawings.pdf,
SDD-2728,TVS Damper,MA005 - TVS Damper Installation,300190-Mechanical-Tunnels-Progress Drawings.pdf,
SDD-2729,TVS Damper,MA005 - TVS Damper Installation,300190-Mechanical-Tunnels-Progress Drawings.pdf,
SDD-2730,TVS Damper,MA005 - TVS Damper Installation,300190-Mechanical-Tunnels-Progress Drawings.pdf,
SDD-2731,TVS Damper,MA005 - TVS Damper Installation,300190-Mechanical-Tunnels-Progress Drawings.pdf,
SDD-2732,TVS Damper,MA005 - TVS Damper Installation,300190-Mechanical-Tunnels-Progress Drawings.pdf,
SDD-2733,TVS Damper,MA005 - TVS Damper Installation,300190-Mechanical-Tunnels-Progress Drawings.pdf,
SDD-2734,TVS Damper,MA005 - TVS Damper Installation,300190-Mechanical-Tunnels-Progress Drawings.pdf,
SDD-2735,TVS Damper,MA005 - TVS Damper Installation,300190-Mechanical-Tunnels-Progress Drawings.pdf,
SDD-2736,TVS Damper,MA005 - TVS Damper Installation,300190-Mechanical-Tunnels-Progress Drawings.pdf,
SDD-2737,TVS Damper,MA005 - TVS Damper Installation,300190-Mechanical-Tunnels-Progress Drawings.pdf,
SDD-2738,TVS Damper,MA005 - TVS Damper Installation,300190-Mechanical-Tunnels-Progress Drawings.pdf,
SDD-2739,TVS Damper,MA005 - TVS Damper Installation,300190-Mechanical-Tunnels-Progress Drawings.pdf,
SDD-2740,TVS Damper,MA005 - TVS Damper Installation,300190-Mechanical-Tunnels-Progress Drawings.pdf,
SDD-2741,TVS Damper,MA005 - TVS Damper Installation,300190-Mechanical-Tunnels-Progress Drawings.pdf,
SDD-2742,TVS Damper,MA005 - TVS Damper Installation,300190-Mechanical-Tunnels-Progress Drawings.pdf,
SDD-2743,TVS Damper,MA005 - TVS Damper Installation,300190-Mechanical-Tunnels-Progress Drawings.pdf,
SDD-2744,TVS Damper,MA005 - TVS Damper Installation,300190-Mechanical-Tunnels-Progress Drawings.pdf,
SDD-2745,TVS Damper,MA005 - TVS Damper Installation,300190-Mechanical-Tunnels-Progress Drawings.pdf,
SDD-2746,TVS Damper,MA005 - TVS Damper Installation,300190-Mechanical-Tunnels-Progress Drawings.pdf,
SDD-2747,TVS Damper,MA005 - TVS Damper Installation,300190-Mechanical-Tunnels-Progress Drawings.pdf,
SDD-2748,TVS Damper,MA005 - TVS Damper Installation,300190-Mechanical-Tunnels-Progress Drawings.pdf,
SDD-2749,TVS Damper,MA005 - TVS Damper Installation,300190-Mechanical-Tunnels-Progress Drawings.pdf,
SDD-2750,TVS Damper,MA005 - TVS Damper Installation,300190-Mechanical-Tunnels-Progress Drawings.pdf,
SDD-2751,TVS Damper,MA005 - TVS Damper Installation,300190-Mechanical-Tunnels-Progress Drawings.pdf,
SDD-2752,TVS Damper,MA005 - TVS Damper Installation,300190-Mechanical-Tunnels-Progress Drawings.pdf,
SDD-2753,TVS Damper,MA005 - TVS Damper Installation,300190-Mechanical-Tunnels-Progress Drawings.pdf,
SDD-2754,TVS Damper,MA005 - TVS Damper Installation,300190-Mechanical-Tunnels-Progress Drawings.pdf,
SDD-2755,TVS Damper,MA005 - TVS Damper Installation,300190-Mechanical-Tunnels-Progress Drawings.pdf,
SDD-2756,TVS Damper,MA005 - TVS Damper Installation,300190-Mechanical-Tunnels-Progress Drawings.pdf,
SDD-2757,TVS Damper,MA005 - TVS Damper Installation,300190-Mechanical-Tunnels-Progress Drawings.pdf,
SDD-2758,TVS Damper,MA005 - TVS Damper Installation,300190-Mechanical-Tunnels-Progress Drawings.pdf,
SDD-2759,TVS Damper,MA005 - TVS Damper Installation,300190-Mechanical-Tunnels-Progress Drawings.pdf,
SDD-2760,TVS Damper,MA005 - TVS Damper Installation,300190-Mechanical-Tunnels-Progress Drawings.pdf,
SDD-2761,TVS Damper,MA005 - TVS Damper Installation,300190-Mechanical-Tunnels-Progress Drawings.pdf,
SDD-2762,TVS Damper,MA005 - TVS Damper Installation,300190-Mechanical-Tunnels-Progress Drawings.pdf,
SDD-2763,TVS Damper,MA005 - TVS Damper Installation,300190-Mechanical-Tunnels-Progress Drawings.pdf,
SDD-2764,TVS Damper,MA005 - TVS Damper Installation,300190-Mechanical-Tunnels-Progress Drawings.pdf,
SDD-2765,TVS Damper,MA005 - TVS Damper Installation,300190-Mechanical-Tunnels-Progress Drawings.pdf,
SDD-2766,TVS Damper,MA005 - TVS Damper Installation,300190-Mechanical-Tunnels-Progress Drawings.pdf,
SDD-2767,TVS Damper,MA005 - TVS Damper Installation,300190-Mechanical-Tunnels-Progress Drawings.pdf,
SDD-2768,TVS Damper,MA005 - TVS Damper Installation,300190-Mechanical-Tunnels-Progress Drawings.pdf,
SDD-2769,TVS Damper,MA005 - TVS Damper Installation,300190-Mechanical-Tunnels-Progress Drawings.pdf,
SDD-2770,TVS Damper,MA005 - TVS Damper Installation,300190-Mechanical-Tunnels-Progress Drawings.pdf,
SDD-2771,TVS Damper,MA005 - TVS Damper Installation,300190-Mechanical-Tunnels-Progress Drawings.pdf,
SDD-2772,TVS Damper,MA005 - TVS Damper Installation,300190-Mechanical-Tunnels-Progress Drawings.pdf,
SDD-2773,TVS Damper,MA005 - TVS Damper Installation,300190-Mechanical-Tunnels-Progress Drawings.pdf,
SDD-2774,TVS Damper,MA005 - TVS Damper Installation,300190-Mechanical-Tunnels-Progress Drawings.pdf,
SDD-2775,TVS Damper,MA005 - TVS Damper Installation,300190-Mechanical-Tunnels-Progress Drawings.pdf,
SDD-2776,TVS Damper,MA005 - TVS Damper Installation,300190-Mechanical-Tunnels-Progress Drawings.pdf,
SDD-2777,TVS Damper,MA005 - TVS Damper Installation,300190-Mechanical-Tunnels-Progress Drawings.pdf,
SDD-2778,TVS Damper,MA005 - TVS Damper Installation,300190-Mechanical-Tunnels-Progress Drawings.pdf,
SDD-2779,TVS Damper,MA005 - TVS Damper Installation,300190-Mechanical-Tunnels-Progress Drawings.pdf,
SDD-2780,TVS Damper,MA005 - TVS Damper Installation,300190-Mechanical-Tunnels-Progress Drawings.pdf,
SDD-2781,TVS Damper,MA005 - TVS Damper Installation,300190-Mechanical-Tunnels-Progress Drawings.pdf,
SDD-2782,TVS Damper,MA005 - TVS Damper Installation,300190-Mechanical-Tunnels-Progress Drawings.pdf,
SDD-2783,TVS Damper,MA005 - TVS Damper Installation,300190-Mechanical-Tunnels-Progress Drawings.pdf,
SDD-2784,TVS Damper,MA005 - TVS Damper Installation,300190-Mechanical-Tunnels-Progress Drawings.pdf,
SDD-2785,TVS Damper,MA005 - TVS Damper Installation,300190-Mechanical-Tunnels-Progress Drawings.pdf,
SDD-2786,TVS Damper,MA005 - TVS Damper Installation,300190-Mechanical-Tunnels-Progress Drawings.pdf,
SDD-2787,TVS Damper,MA005 - TVS Damper Installation,300190-Mechanical-Tunnels-Progress Drawings.pdf,
SDD-2788,TVS Damper,MA005 - TVS Damper Installation,300190-Mechanical-Tunnels-Progress Drawings.pdf,
SDD-2789,TVS Damper,MA005 - TVS Damper Installation,300190-Mechanical-Tunnels-Progress Drawings.pdf,
SDD-2790,TVS Damper,MA005 - TVS Damper Installation,300190-Mechanical-Tunnels-Progress Drawings.pdf,
SDD-2791,TVS Damper,MA005 - TVS Damper Installation,300190-Mechanical-Tunnels-Progress Drawings.pdf,
SDD-2792,TVS Damper,MA005 - TVS Damper Installation,300190-Mechanical-Tunnels-Progress Drawings.pdf,
SDD-2793,TVS Damper,MA005 - TVS Damper Installation,300190-Mechanical-Tunnels-Progress Drawings.pdf,
SDD-2794,TVS Damper,MA005 - TVS Damper Installation,300190-Mechanical-Tunnels-Progress Drawings.pdf,
SDD-2795,TVS Damper,MA005 - TVS Damper Installation,300190-Mechanical-Tunnels-Progress Drawings.pdf,
SDD-2796,TVS Damper,MA005 - TVS Damper Installation,300190-Mechanical-Tunnels-Progress Drawings.pdf,
SDD-2797,TVS Damper,MA005 - TVS Damper Installation,300190-Mechanical-Tunnels-Progress Drawings.pdf,
SDD-2798,TVS Damper,MA005 - TVS Damper Installation,300190-Mechanical-Tunnels-Progress Drawings.pdf,
SDD-2799,TVS Damper,MA005 - TVS Damper Installation,300190-Mechanical-Tunnels-Progress Drawings.pdf,
SDD-2800,TVS Damper,MA005 - TVS Damper Installation,300190-Mechanical-Tunnels-Progress Drawings.pdf,
SDD-2801,TVS Damper,MA005 - TVS Damper Installation,300190-Mechanical-Tunnels-Progress Drawings.pdf,
SDD-2802,TVS Damper,MA005 - TVS Damper Installation,300190-Mechanical-Tunnels-Progress Drawings.pdf,
SDD-2803,TVS Damper,MA005 - TVS Damper Installation,300190-Mechanical-Tunnels-Progress Drawings.pdf,
SDD-2804,TVS Damper,MA005 - TVS Damper Installation,300190-Mechanical-Tunnels-Progress Drawings.pdf,
SDD-2805,TVS Damper,MA005 - TVS Damper Installation,300190-Mechanical-Tunnels-Progress Drawings.pdf,
SDD-2806,TVS Damper,MA005 - TVS Damper Installation,300190-Mechanical-Tunnels-Progress Drawings.pdf,
SDD-2807,TVS Damper,MA005 - TVS Damper Installation,300190-Mechanical-Tunnels-Progress Drawings.pdf,
SDD-2808,TVS Damper,MA005 - TVS Damper Installation,300190-Mechanical-Tunnels-Progress Drawings.pdf,
SDD-2809,TVS Damper,MA005 - TVS Damper Installation,300190-Mechanical-Tunnels-Progress Drawings.pdf,
SDD-2810,TVS Damper,MA005 - TVS Damper Installation,300190-Mechanical-Tunnels-Progress Drawings.pdf,
SDD-2811,TVS Damper,MA005 - TVS Damper Installation,300190-Mechanical-Tunnels-Progress Drawings.pdf,
SDD-2812,TVS Damper,MA005 - TVS Damper Installation,300190-Mechanical-Tunnels-Progress Drawings.pdf,
SDD-2813,TVS Damper,MA005 - TVS Damper Installation,300190-Mechanical-Tunnels-Progress Drawings.pdf,
SDD-2814,TVS Damper,MA005 - TVS Damper Installation,300190-Mechanical-Tunnels-Progress Drawings.pdf,
SDD-2815,TVS Damper,MA005 - TVS Damper Installation,300190-Mechanical-Tunnels-Progress Drawings.pdf,
SDD-2816,TVS Damper,MA005 - TVS Damper Installation,300190-Mechanical-Tunnels-Progress Drawings.pdf,
SDD-2817,TVS Damper,MA005 - TVS Damper Installation,300190-Mechanical-Tunnels-Progress Drawings.pdf,
SDD-2818,TVS Damper,MA005 - TVS Damper Installation,300190-Mechanical-Tunnels-Progress Drawings.pdf,
SDD-2819,TVS Damper,MA005 - TVS Damper Installation,300190-Mechanical-Tunnels-Progress Drawings.pdf,
SDD-2820,TVS Damper,MA005 - TVS Damper Installation,300190-Mechanical-Tunnels-Progress Drawings.pdf,
SDD-2821,TVS Damper,MA005 - TVS Damper Installation,300190-Mechanical-Tunnels-Progress Drawings.pdf,
SDD-2822,TVS Damper,MA005 - TVS Damper Installation,300190-Mechanical-Tunnels-Progress Drawings.pdf,
SDD-2823,TVS Damper,MA005 - TVS Damper Installation,300190-Mechanical-Tunnels-Progress Drawings.pdf,
SDD-2824,TVS Damper,MA005 - TVS Damper Installation,300190-Mechanical-Tunnels-Progress Drawings.pdf,
SDD-2825,TVS Damper,MA005 - TVS Damper Installation,300190-Mechanical-Tunnels-Progress Drawings.pdf,
SDD-2826,TVS Damper,MA005 - TVS Damper Installation,300190-Mechanical-Tunnels-Progress Drawings.pdf,
SDD-2827,TVS Damper,MA005 - TVS Damper Installation,300190-Mechanical-Tunnels-Progress Drawings.pdf,
SDD-2828,TVS Damper,MA005 - TVS Damper Installation,300190-Mechanical-Tunnels-Progress Drawings.pdf,
SDD-2829,TVS Damper,MA005 - TVS Damper Installation,300190-Mechanical-Tunnels-Progress Drawings.pdf,
SDD-2830,TVS Damper,MA005 - TVS Damper Installation,300190-Mechanical-Tunnels-Progress Drawings.pdf,
SDD-2831,TVS Damper,MA005 - TVS Damper Installation,300190-Mechanical-Tunnels-Progress Drawings.pdf,
SDD-2832,TVS Damper,MA005 - TVS Damper Installation,300190-Mechanical-Tunnels-Progress Drawings.pdf,
SDD-2833,TVS Damper,MA005 - TVS Damper Installation,300190-Mechanical-Tunnels-Progress Drawings.pdf,
SDD-2834,TVS Damper,MA005 - TVS Damper Installation,300190-Mechanical-Tunnels-Progress Drawings.pdf,
SDD-2835,TVS Damper,MA005 - TVS Damper Installation,300190-Mechanical-Tunnels-Progress Drawings.pdf,
SDD-2836,TVS Damper,MA005 - TVS Damper Installation,300190-Mechanical-Tunnels-Progress Drawings.pdf,
SDD-2837,TVS Damper,MA005 - TVS Damper Installation,300190-Mechanical-Tunnels-Progress Drawings.pdf,
SDD-2838,TVS Damper,MA005 - TVS Damper Installation,300190-Mechanical-Tunnels-Progress Drawings.pdf,
SDD-2839,TVS Damper,MA005 - TVS Damper Installation,300190-Mechanical-Tunnels-Progress Drawings.pdf,
SDD-2840,TVS Damper,MA005 - TVS Damper Installation,300190-Mechanical-Tunnels-Progress Drawings.pdf,
SDD-2841,TVS Damper,MA005 - TVS Damper Installation,300190-Mechanical-Tunnels-Progress Drawings.pdf,
SDD-2842,TVS Damper,MA005 - TVS Damper Installation,300190-Mechanical-Tunnels-Progress Drawings.pdf,
SDD-2843,TVS Damper,MA005 - TVS Damper Installation,300190-Mechanical-Tunnels-Progress Drawings.pdf,
SDD-2844,TVS Damper,MA005 - TVS Damper Installation,300190-Mechanical-Tunnels-Progress Drawings.pdf,
SDD-2845,TVS Damper,MA005 - TVS Damper Installation,300190-Mechanical-Tunnels-Progress Drawings.pdf,
SDD-2846,TVS Damper,MA005 - TVS Damper Installation,300190-Mechanical-Tunnels-Progress Drawings.pdf,
SDD-2847,TVS Damper,MA005 - TVS Damper Installation,300190-Mechanical-Tunnels-Progress Drawings.pdf,
SDD-2848,TVS Damper,MA005 - TVS Damper Installation,300190-Mechanical-Tunnels-Progress Drawings.pdf,
SDD-2849,TVS Damper,MA005 - TVS Damper Installation,300190-Mechanical-Tunnels-Progress Drawings.pdf,
SDD-2850,TVS Damper,MA005 - TVS Damper Installation,300190-Mechanical-Tunnels-Progress Drawings.pdf,
SDD-2851,TVS Damper,MA005 - TVS Damper Installation,300190-Mechanical-Tunnels-Progress Drawings.pdf,
SDD-2852,TVS Damper,MA005 - TVS Damper Installation,300190-Mechanical-Tunnels-Progress Drawings.pdf,
SDD-2853,TVS Damper,MA005 - TVS Damper Installation,300190-Mechanical-Tunnels-Progress Drawings.pdf,
SDD-2854,TVS Damper,MA005 - TVS Damper Installation,300190-Mechanical-Tunnels-Progress Drawings.pdf,
SDD-2855,TVS Damper,MA005 - TVS Damper Installation,300190-Mechanical-Tunnels-Progress Drawings.pdf,
SDD-2856,TVS Damper,MA005 - TVS Damper Installation,300190-Mechanical-Tunnels-Progress Drawings.pdf,
SDD-2857,TVS Damper,MA005 - TVS Damper Installation,300190-Mechanical-Tunnels-Progress Drawings.pdf,
SDD-2858,TVS Damper,MA005 - TVS Damper Installation,300190-Mechanical-Tunnels-Progress Drawings.pdf,
SDD-2859,TVS Damper,MA005 - TVS Damper Installation,300190-Mechanical-Tunnels-Progress Drawings.pdf,
SDD-2860,TVS Damper,MA005 - TVS Damper Installation,300190-Mechanical-Tunnels-Progress Drawings.pdf,
SDD-2861,TVS Damper,MA005 - TVS Damper Installation,300190-Mechanical-Tunnels-Progress Drawings.pdf,
SDD-2862,TVS Damper,MA005 - TVS Damper Installation,300190-Mechanical-Tunnels-Progress Drawings.pdf,
SDD-2863,TVS Damper,MA005 - TVS Damper Installation,300190-Mechanical-Tunnels-Progress Drawings.pdf,
SDD-2864,TVS Damper,MA005 - TVS Damper Installation,300190-Mechanical-Tunnels-Progress Drawings.pdf,
SDD-2865,TVS Damper,MA005 - TVS Damper Installation,300190-Mechanical-Tunnels-Progress Drawings.pdf,
SDD-2866,TVS Damper,MA005 - TVS Damper Installation,300190-Mechanical-Tunnels-Progress Drawings.pdf,
SDD-2867,TVS Damper,MA005 - TVS Damper Installation,300190-Mechanical-Tunnels-Progress Drawings.pdf,
SDD-2868,TVS Damper,MA005 - TVS Damper Installation,300190-Mechanical-Tunnels-Progress Drawings.pdf,
SDD-2869,TVS Damper,MA005 - TVS Damper Installation,300190-Mechanical-Tunnels-Progress Drawings.pdf,
SDD-2870,TVS Damper,MA005 - TVS Damper Installation,300190-Mechanical-Tunnels-Progress Drawings.pdf,
SDD-2871,TVS Damper,MA005 - TVS Damper Installation,300190-Mechanical-Tunnels-Progress Drawings.pdf,
SDD-2872,TVS Damper,MA005 - TVS Damper Installation,300190-Mechanical-Tunnels-Progress Drawings.pdf,
SDD-2873,TVS Damper,MA005 - TVS Damper Installation,300190-Mechanical-Tunnels-Progress Drawings.pdf,
SDD-2874,TVS Damper,MA005 - TVS Damper Installation,300190-Mechanical-Tunnels-Progress Drawings.pdf,
SDD-2875,TVS Damper,MA005 - TVS Damper Installation,300190-Mechanical-Tunnels-Progress Drawings.pdf,
SDD-2876,TVS Damper,MA005 - TVS Damper Installation,300190-Mechanical-Tunnels-Progress Drawings.pdf,
SDD-2877,TVS Damper,MA005 - TVS Damper Installation,300190-Mechanical-Tunnels-Progress Drawings.pdf,
SDD-2878,TVS Damper,MA005 - TVS Damper Installation,300190-Mechanical-Tunnels-Progress Drawings.pdf,
SDD-2879,TVS Damper,MA005 - TVS Damper Installation,300190-Mechanical-Tunnels-Progress Drawings.pdf,
SDD-2880,TVS Damper,MA005 - TVS Damper Installation,300190-Mechanical-Tunnels-Progress Drawings.pdf,
SDD-2881,TVS Damper,MA005 - TVS Damper Installation,300190-Mechanical-Tunnels-Progress Drawings.pdf,
SDD-2882,TVS Damper,MA005 - TVS Damper Installation,300190-Mechanical-Tunnels-Progress Drawings.pdf,
SDD-2883,TVS Damper,MA005 - TVS Damper Installation,300190-Mechanical-Tunnels-Progress Drawings.pdf,
SDD-2884,TVS Damper,MA005 - TVS Damper Installation,300190-Mechanical-Tunnels-Progress Drawings.pdf,
SDD-2885,TVS Damper,MA005 - TVS Damper Installation,300190-Mechanical-Tunnels-Progress Drawings.pdf,
SDD-2886,TVS Damper,MA005 - TVS Damper Installation,300190-Mechanical-Tunnels-Progress Drawings.pdf,
SDD-2887,TVS Damper,MA005 - TVS Damper Installation,300190-Mechanical-Tunnels-Progress Drawings.pdf,
SDD-2888,TVS Damper,MA005 - TVS Damper Installation,300190-Mechanical-Tunnels-Progress Drawings.pdf,
SDD-2889,TVS Damper,MA005 - TVS Damper Installation,300190-Mechanical-Tunnels-Progress Drawings.pdf,
SDD-2890,TVS Damper,MA005 - TVS Damper Installation,300190-Mechanical-Tunnels-Progress Drawings.pdf,
SDD-2891,TVS Damper,MA005 - TVS Damper Installation,300190-Mechanical-Tunnels-Progress Drawings.pdf,
SDD-2892,TVS Damper,MA005 - TVS Damper Installation,300190-Mechanical-Tunnels-Progress Drawings.pdf,
SDD-2893,TVS Damper,MA005 - TVS Damper Installation,300190-Mechanical-Tunnels-Progress Drawings.pdf,
SDD-2894,TVS Damper,MA005 - TVS Damper Installation,300190-Mechanical-Tunnels-Progress Drawings.pdf,
SDD-2895,TVS Damper,MA005 - TVS Damper Installation,300190-Mechanical-Tunnels-Progress Drawings.pdf,
SDD-2896,TVS Damper,MA005 - TVS Damper Installation,300190-Mechanical-Tunnels-Progress Drawings.pdf,
SDD-2897,TVS Damper,MA005 - TVS Damper Installation,300190-Mechanical-Tunnels-Progress Drawings.pdf,
SDD-2898,TVS Damper,MA005 - TVS Damper Installation,300190-Mechanical-Tunnels-Progress Drawings.pdf,
SDD-2899,TVS Damper,MA005 - TVS Damper Installation,300190-Mechanical-Tunnels-Progress Drawings.pdf,
SDD-2900,TVS Damper,MA005 - TVS Damper Installation,300190-Mechanical-Tunnels-Progress Drawings.pdf,
SDD-2901,TVS Damper,MA005 - TVS Damper Installation,300190-Mechanical-Tunnels-Progress Drawings.pdf,
SDD-2902,TVS Damper,MA005 - TVS Damper Installation,300190-Mechanical-Tunnels-Progress Drawings.pdf,
SDD-2903,TVS Damper,MA005 - TVS Damper Installation,300190-Mechanical-Tunnels-Progress Drawings.pdf,
SDD-2904,TVS Damper,MA005 - TVS Damper Installation,300190-Mechanical-Tunnels-Progress Drawings.pdf,
SDD-2905,TVS Damper,MA005 - TVS Damper Installation,300190-Mechanical-Tunnels-Progress Drawings.pdf,
SDD-2906,TVS Damper,MA005 - TVS Damper Installation,300190-Mechanical-Tunnels-Progress Drawings.pdf,
SDD-2907,TVS Damper,MA005 - TVS Damper Installation,300190-Mechanical-Tunnels-Progress Drawings.pdf,
SDD-2908,TVS Damper,MA005 - TVS Damper Installation,300190-Mechanical-Tunnels-Progress Drawings.pdf,
SDD-2909,TVS Damper,MA005 - TVS Damper Installation,300190-Mechanical-Tunnels-Progress Drawings.pdf,
SDD-2910,TVS Damper,MA005 - TVS Damper Installation,300190-Mechanical-Tunnels-Progress Drawings.pdf,
SDD-2911,TVS Damper,MA005 - TVS Damper Installation,300190-Mechanical-Tunnels-Progress Drawings.pdf,
SDD-2912,TVS Damper,MA005 - TVS Damper Installation,300190-Mechanical-Tunnels-Progress Drawings.pdf,
SDD-2913,TVS Damper,MA005 - TVS Damper Installation,300190-Mechanical-Tunnels-Progress Drawings.pdf,
SDD-2914,TVS Damper,MA005 - TVS Damper Installation,300190-Mechanical-Tunnels-Progress Drawings.pdf,
SDD-2915,TVS Damper,MA005 - TVS Damper Installation,300190-Mechanical-Tunnels-Progress Drawings.pdf,
SDD-2916,TVS Damper,MA005 - TVS Damper Installation,300190-Mechanical-Tunnels-Progress Drawings.pdf,
SDD-2917,TVS Damper,MA005 - TVS Damper Installation,300190-Mechanical-Tunnels-Progress Drawings.pdf,
SDD-2918,TVS Damper,MA005 - TVS Damper Installation,300190-Mechanical-Tunnels-Progress Drawings.pdf,
SDD-2919,TVS Damper,MA005 - TVS Damper Installation,300190-Mechanical-Tunnels-Progress Drawings.pdf,
SDD-2920,TVS Damper,MA005 - TVS Damper Installation,300190-Mechanical-Tunnels-Progress Drawings.pdf,
SDD-2921,TVS Damper,MA005 - TVS Damper Installation,300190-Mechanical-Tunnels-Progress Drawings.pdf,
SDD-2922,TVS Damper,MA005 - TVS Damper Installation,300190-Mechanical-Tunnels-Progress Drawings.pdf,
SDD-2923,TVS Damper,MA005 - TVS Damper Installation,300190-Mechanical-Tunnels-Progress Drawings.pdf,
SDD-2924,TVS Damper,MA005 - TVS Damper Installation,300190-Mechanical-Tunnels-Progress Drawings.pdf,
SDD-2925,TVS Damper,MA005 - TVS Damper Installation,300190-Mechanical-Tunnels-Progress Drawings.pdf,
SDD-2926,TVS Damper,MA005 - TVS Damper Installation,300190-Mechanical-Tunnels-Progress Drawings.pdf,
SDD-2927,TVS Damper,MA005 - TVS Damper Installation,300190-Mechanical-Tunnels-Progress Drawings.pdf,
SDD-2928,TVS Damper,MA005 - TVS Damper Installation,300190-Mechanical-Tunnels-Progress Drawings.pdf,
SDD-2929,TVS Damper,MA005 - TVS Damper Installation,300190-Mechanical-Tunnels-Progress Drawings.pdf,
SDD-2930,TVS Damper,MA005 - TVS Damper Installation,300190-Mechanical-Tunnels-Progress Drawings.pdf,
SDD-2931,TVS Damper,MA005 - TVS Damper Installation,300190-Mechanical-Tunnels-Progress Drawings.pdf,
SDD-2932,TVS Damper,MA005 - TVS Damper Installation,300190-Mechanical-Tunnels-Progress Drawings.pdf,
SDD-2933,TVS Damper,MA005 - TVS Damper Installation,300190-Mechanical-Tunnels-Progress Drawings.pdf,
SDD-2934,TVS Damper,MA005 - TVS Damper Installation,300190-Mechanical-Tunnels-Progress Drawings.pdf,
SDD-2935,TVS Damper,MA005 - TVS Damper Installation,300190-Mechanical-Tunnels-Progress Drawings.pdf,
SDD-2936,TVS Damper,MA005 - TVS Damper Installation,300190-Mechanical-Tunnels-Progress Drawings.pdf,
SDD-2937,TVS Damper,MA005 - TVS Damper Installation,300190-Mechanical-Tunnels-Progress Drawings.pdf,
SDD-2938,TVS Damper,MA005 - TVS Damper Installation,300190-Mechanical-Tunnels-Progress Drawings.pdf,
SDD-2939,TVS Damper,MA005 - TVS Damper Installation,300190-Mechanical-Tunnels-Progress Drawings.pdf,
SDD-2940,TVS Damper,MA005 - TVS Damper Installation,300190-Mechanical-Tunnels-Progress Drawings.pdf,
SDD-2941,TVS Damper,MA005 - TVS Damper Installation,300190-Mechanical-Tunnels-Progress Drawings.pdf,
SDD-2942,TVS Damper,MA005 - TVS Damper Installation,300190-Mechanical-Tunnels-Progress Drawings.pdf,
SDD-2943,TVS Damper,MA005 - TVS Damper Installation,300190-Mechanical-Tunnels-Progress Drawings.pdf,
SDD-2944,TVS Damper,MA005 - TVS Damper Installation,300190-Mechanical-Tunnels-Progress Drawings.pdf,
SDD-2945,TVS Damper,MA005 - TVS Damper Installation,300190-Mechanical-Tunnels-Progress Drawings.pdf,
SDD-2946,TVS Damper,MA005 - TVS Damper Installation,300190-Mechanical-Tunnels-Progress Drawings.pdf,
SDD-2947,TVS Damper,MA005 - TVS Damper Installation,300190-Mechanical-Tunnels-Progress Drawings.pdf,
SDD-2948,TVS Damper,MA005 - TVS Damper Installation,300190-Mechanical-Tunnels-Progress Drawings.pdf,
SDD-2949,TVS Damper,MA005 - TVS Damper Installation,300190-Mechanical-Tunnels-Progress Drawings.pdf,
SDD-2950,TVS Damper,MA005 - TVS Damper Installation,300190-Mechanical-Tunnels-Progress Drawings.pdf,
SDD-2951,TVS Damper,MA005 - TVS Damper Installation,300190-Mechanical-Tunnels-Progress Drawings.pdf,
SDD-2952,TVS Damper,MA005 - TVS Damper Installation,300190-Mechanical-Tunnels-Progress Drawings.pdf,
SDD-2953,TVS Damper,MA005 - TVS Damper Installation,300190-Mechanical-Tunnels-Progress Drawings.pdf,
SDD-2954,TVS Damper,MA005 - TVS Damper Installation,300190-Mechanical-Tunnels-Progress Drawings.pdf,
SDD-2955,TVS Damper,MA005 - TVS Damper Installation,300190-Mechanical-Tunnels-Progress Drawings.pdf,
SDD-2956,TVS Damper,MA005 - TVS Damper Installation,300190-Mechanical-Tunnels-Progress Drawings.pdf,
SDD-2957,TVS Damper,MA005 - TVS Damper Installation,300190-Mechanical-Tunnels-Progress Drawings.pdf,
SDD-2958,TVS Damper,MA005 - TVS Damper Installation,300190-Mechanical-Tunnels-Progress Drawings.pdf,
SDD-2959,TVS Damper,MA005 - TVS Damper Installation,300190-Mechanical-Tunnels-Progress Drawings.pdf,
SDD-2960,TVS Damper,MA005 - TVS Damper Installation,300190-Mechanical-Tunnels-Progress Drawings.pdf,
SDD-2961,TVS Damper,MA005 - TVS Damper Installation,300190-Mechanical-Tunnels-Progress Drawings.pdf,
SDD-2962,TVS Damper,MA005 - TVS Damper Installation,300190-Mechanical-Tunnels-Progress Drawings.pdf,
SDD-2963,TVS Damper,MA005 - TVS Damper Installation,300190-Mechanical-Tunnels-Progress Drawings.pdf,
SDD-2964,TVS Damper,MA005 - TVS Damper Installation,300190-Mechanical-Tunnels-Progress Drawings.pdf,
SDD-2965,TVS Damper,MA005 - TVS Damper Installation,300190-Mechanical-Tunnels-Progress Drawings.pdf,
SDD-2966,TVS Damper,MA005 - TVS Damper Installation,300190-Mechanical-Tunnels-Progress Drawings.pdf,
SDD-2967,TVS Damper,MA005 - TVS Damper Installation,300190-Mechanical-Tunnels-Progress Drawings.pdf,
SDD-2968,TVS Damper,MA005 - TVS Damper Installation,300190-Mechanical-Tunnels-Progress Drawings.pdf,
SDD-2969,TVS Damper,MA005 - TVS Damper Installation,300190-Mechanical-Tunnels-Progress Drawings.pdf,
SDD-2970,TVS Damper,MA005 - TVS Damper Installation,300190-Mechanical-Tunnels-Progress Drawings.pdf,
SDD-2971,TVS Damper,MA005 - TVS Damper Installation,300190-Mechanical-Tunnels-Progress Drawings.pdf,
SDD-2972,TVS Damper,MA005 - TVS Damper Installation,300190-Mechanical-Tunnels-Progress Drawings.pdf,
SDD-2973,TVS Damper,MA005 - TVS Damper Installation,300190-Mechanical-Tunnels-Progress Drawings.pdf,
SDD-2974,TVS Damper,MA005 - TVS Damper Installation,300190-Mechanical-Tunnels-Progress Drawings.pdf,
SDD-2975,TVS Damper,MA005 - TVS Damper Installation,300190-Mechanical-Tunnels-Progress Drawings.pdf,
SDD-2976,TVS Damper,MA005 - TVS Damper Installation,300190-Mechanical-Tunnels-Progress Drawings.pdf,
SDD-2977,TVS Damper,MA005 - TVS Damper Installation,300190-Mechanical-Tunnels-Progress Drawings.pdf,
SDD-2978,TVS Damper,MA005 - TVS Damper Installation,300190-Mechanical-Tunnels-Progress Drawings.pdf,
SDD-2979,TVS Damper,MA005 - TVS Damper Installation,300190-Mechanical-Tunnels-Progress Drawings.pdf,
SDD-2980,TVS Damper,MA005 - TVS Damper Installation,300190-Mechanical-Tunnels-Progress Drawings.pdf,
SDD-2981,TVS Damper,MA005 - TVS Damper Installation,300190-Mechanical-Tunnels-Progress Drawings.pdf,
SDD-2982,TVS Damper,MA005 - TVS Damper Installation,300190-Mechanical-Tunnels-Progress Drawings.pdf,
SDD-2983,TVS Damper,MA005 - TVS Damper Installation,300190-Mechanical-Tunnels-Progress Drawings.pdf,
SDD-2984,TVS Damper,MA005 - TVS Damper Installation,300190-Mechanical-Tunnels-Progress Drawings.pdf,
SDD-2985,TVS Damper,MA005 - TVS Damper Installation,300190-Mechanical-Tunnels-Progress Drawings.pdf,
SDD-2986,TVS Damper,MA005 - TVS Damper Installation,300190-Mechanical-Tunnels-Progress Drawings.pdf,
SDD-2987,TVS Damper,MA005 - TVS Damper Installation,300190-Mechanical-Tunnels-Progress Drawings.pdf,
SDD-2988,TVS Damper,MA005 - TVS Damper Installation,300190-Mechanical-Tunnels-Progress Drawings.pdf,
SDD-2989,TVS Damper,MA005 - TVS Damper Installation,300190-Mechanical-Tunnels-Progress Drawings.pdf,
SDD-2990,TVS Damper,MA005 - TVS Damper Installation,300190-Mechanical-Tunnels-Progress Drawings.pdf,
SDD-2991,TVS Damper,MA005 - TVS Damper Installation,300190-Mechanical-Tunnels-Progress Drawings.pdf,
SDD-2992,TVS Damper,MA005 - TVS Damper Installation,300190-Mechanical-Tunnels-Progress Drawings.pdf,
SDD-2993,TVS Damper,MA005 - TVS Damper Installation,300190-Mechanical-Tunnels-Progress Drawings.pdf,
SDD-2994,TVS Damper,MA005 - TVS Damper Installation,300190-Mechanical-Tunnels-Progress Drawings.pdf,
SDD-2995,TVS Damper,MA005 - TVS Damper Installation,300190-Mechanical-Tunnels-Progress Drawings.pdf,
SDD-5650,TVS Damper,MA005 - TVS Damper Installation,300190-Mechanical-Tunnels-Progress Drawings.pdf,
SDD-5651,TVS Damper,MA005 - TVS Damper Installation,300190-Mechanical-Tunnels-Progress Drawings.pdf,
SDD-5652,TVS Damper,MA005 - TVS Damper Installation,300190-Mechanical-Tunnels-Progress Drawings.pdf,
SDD-5653,TVS Damper,MA005 - TVS Damper Installation,300190-Mechanical-Tunnels-Progress Drawings.pdf,
SDD-5654,TVS Damper,MA005 - TVS Damper Installation,300190-Mechanical-Tunnels-Progress Drawings.pdf,
SDD-5655,TVS Damper,MA005 - TVS Damper Installation,300190-Mechanical-Tunnels-Progress Drawings.pdf,
SDD-5656,TVS Damper,MA005 - TVS Damper Installation,300190-Mechanical-Tunnels-Progress Drawings.pdf,
SDD-5657,TVS Damper,MA005 - TVS Damper Installation,300190-Mechanical-Tunnels-Progress Drawings.pdf,
SDD-5658,TVS Damper,MA005 - TVS Damper Installation,300190-Mechanical-Tunnels-Progress Drawings.pdf,
SDD-5659,TVS Damper,MA005 - TVS Damper Installation,300190-Mechanical-Tunnels-Progress Drawings.pdf,
SDD-5660,TVS Damper,MA005 - TVS Damper Installation,300190-Mechanical-Tunnels-Progress Drawings.pdf,
SDD-5661,TVS Damper,MA005 - TVS Damper Installation,300190-Mechanical-Tunnels-Progress Drawings.pdf,
SDD-5662,TVS Damper,MA005 - TVS Damper Installation,300190-Mechanical-Tunnels-Progress Drawings.pdf,
SDD-5663,TVS Damper,MA005 - TVS Damper Installation,300190-Mechanical-Tunnels-Progress Drawings.pdf,
SDD-5664,TVS Damper,MA005 - TVS Damper Installation,300190-Mechanical-Tunnels-Progress Drawings.pdf,
SDD-5665,TVS Damper,MA005 - TVS Damper Installation,300190-Mechanical-Tunnels-Progress Drawings.pdf,
SDD-5666,TVS Damper,MA005 - TVS Damper Installation,300190-Mechanical-Tunnels-Progress Drawings.pdf,
SDD-5667,TVS Damper,MA005 - TVS Damper Installation,300190-Mechanical-Tunnels-Progress Drawings.pdf,
SDD-5668,TVS Damper,MA005 - TVS Damper Installation,300190-Mechanical-Tunnels-Progress Drawings.pdf,
SDD-5669,TVS Damper,MA005 - TVS Damper Installation,300190-Mechanical-Tunnels-Progress Drawings.pdf,
SDD-5670,TVS Damper,MA005 - TVS Damper Installation,300190-Mechanical-Tunnels-Progress Drawings.pdf,
SDD-5671,TVS Damper,MA005 - TVS Damper Installation,300190-Mechanical-Tunnels-Progress Drawings.pdf,
SDD-5672,TVS Damper,MA005 - TVS Damper Installation,300190-Mechanical-Tunnels-Progress Drawings.pdf,
SDD-5673,TVS Damper,MA005 - TVS Damper Installation,300190-Mechanical-Tunnels-Progress Drawings.pdf,
SDD-5674,TVS Damper,MA005 - TVS Damper Installation,300190-Mechanical-Tunnels-Progress Drawings.pdf,
SDD-5675,TVS Damper,MA005 - TVS Damper Installation,300190-Mechanical-Tunnels-Progress Drawings.pdf,
SDD-5676,TVS Damper,MA005 - TVS Damper Installation,300190-Mechanical-Tunnels-Progress Drawings.pdf,
SDD-5677,TVS Damper,MA005 - TVS Damper Installation,300190-Mechanical-Tunnels-Progress Drawings.pdf,
SDD-5678,TVS Damper,MA005 - TVS Damper Installation,300190-Mechanical-Tunnels-Progress Drawings.pdf,
SDD-5679,TVS Damper,MA005 - TVS Damper Installation,300190-Mechanical-Tunnels-Progress Drawings.pdf,
SDD-5680,TVS Damper,MA005 - TVS Damper Installation,300190-Mechanical-Tunnels-Progress Drawings.pdf,
SDD-5681,TVS Damper,MA005 - TVS Damper Installation,300190-Mechanical-Tunnels-Progress Drawings.pdf,
SDD-5682,TVS Damper,MA005 - TVS Damper Installation,300190-Mechanical-Tunnels-Progress Drawings.pdf,
SDD-5683,TVS Damper,MA005 - TVS Damper Installation,300190-Mechanical-Tunnels-Progress Drawings.pdf,
SDD-5684,TVS Damper,MA005 - TVS Damper Installation,300190-Mechanical-Tunnels-Progress Drawings.pdf,
SDD-5685,TVS Damper,MA005 - TVS Damper Installation,300190-Mechanical-Tunnels-Progress Drawings.pdf,
SDD-5686,TVS Damper,MA005 - TVS Damper Installation,300190-Mechanical-Tunnels-Progress Drawings.pdf,
SDD-5687,TVS Damper,MA005 - TVS Damper Installation,300190-Mechanical-Tunnels-Progress Drawings.pdf,
SDD-5688,TVS Damper,MA005 - TVS Damper Installation,300190-Mechanical-Tunnels-Progress Drawings.pdf,
SDD-5689,TVS Damper,MA005 - TVS Damper Installation,300190-Mechanical-Tunnels-Progress Drawings.pdf,
SDD-5690,TVS Damper,MA005 - TVS Damper Installation,300190-Mechanical-Tunnels-Progress Drawings.pdf,
SDD-5691,TVS Damper,MA005 - TVS Damper Installation,300190-Mechanical-Tunnels-Progress Drawings.pdf,
SDD-5692,TVS Damper,MA005 - TVS Damper Installation,300190-Mechanical-Tunnels-Progress Drawings.pdf,
SDD-5693,TVS Damper,MA005 - TVS Damper Installation,300190-Mechanical-Tunnels-Progress Drawings.pdf,
SDD-5694,TVS Damper,MA005 - TVS Damper Installation,300190-Mechanical-Tunnels-Progress Drawings.pdf,
SDD-5695,TVS Damper,MA005 - TVS Damper Installation,300190-Mechanical-Tunnels-Progress Drawings.pdf,
SDD-5696,TVS Damper,MA005 - TVS Damper Installation,300190-Mechanical-Tunnels-Progress Drawings.pdf,
SDD-5697,TVS Damper,MA005 - TVS Damper Installation,300190-Mechanical-Tunnels-Progress Drawings.pdf,
SDD-5698,TVS Damper,MA005 - TVS Damper Installation,300190-Mechanical-Tunnels-Progress Drawings.pdf,
SDD-5699,TVS Damper,MA005 - TVS Damper Installation,300190-Mechanical-Tunnels-Progress Drawings.pdf,
SDD-5700,TVS Damper,MA005 - TVS Damper Installation,300190-Mechanical-Tunnels-Progress Drawings.pdf,
SDD-5701,TVS Damper,MA005 - TVS Damper Installation,300190-Mechanical-Tunnels-Progress Drawings.pdf,
SDD-5702,TVS Damper,MA005 - TVS Damper Installation,300190-Mechanical-Tunnels-Progress Drawings.pdf,
SDD-5703,TVS Damper,MA005 - TVS Damper Installation,300190-Mechanical-Tunnels-Progress Drawings.pdf,
SDD-5704,TVS Damper,MA005 - TVS Damper Installation,300190-Mechanical-Tunnels-Progress Drawings.pdf,
SDD-5705,TVS Damper,MA005 - TVS Damper Installation,300190-Mechanical-Tunnels-Progress Drawings.pdf,
SDD-5706,TVS Damper,MA005 - TVS Damper Installation,300190-Mechanical-Tunnels-Progress Drawings.pdf,
SDD-5707,TVS Damper,MA005 - TVS Damper Installation,300190-Mechanical-Tunnels-Progress Drawings.pdf,
SDD-5708,TVS Damper,MA005 - TVS Damper Installation,300190-Mechanical-Tunnels-Progress Drawings.pdf,
SDD-5709,TVS Damper,MA005 - TVS Damper Installation,300190-Mechanical-Tunnels-Progress Drawings.pdf,
SDD-5710,TVS Damper,MA005 - TVS Damper Installation,300190-Mechanical-Tunnels-Progress Drawings.pdf,
SDD-5711,TVS Damper,MA005 - TVS Damper Installation,300190-Mechanical-Tunnels-Progress Drawings.pdf,
SDD-5712,TVS Damper,MA005 - TVS Damper Installation,300190-Mechanical-Tunnels-Progress Drawings.pdf,
SDD-5713,TVS Damper,MA005 - TVS Damper Installation,300190-Mechanical-Tunnels-Progress Drawings.pdf,
SDD-5714,TVS Damper,MA005 - TVS Damper Installation,300190-Mechanical-Tunnels-Progress Drawings.pdf,
SDD-5715,TVS Damper,MA005 - TVS Damper Installation,300190-Mechanical-Tunnels-Progress Drawings.pdf,
SDD-5716,TVS Damper,MA005 - TVS Damper Installation,300190-Mechanical-Tunnels-Progress Drawings.pdf,
SDD-5717,TVS Damper,MA005 - TVS Damper Installation,300190-Mechanical-Tunnels-Progress Drawings.pdf,
SDD-5718,TVS Damper,MA005 - TVS Damper Installation,300190-Mechanical-Tunnels-Progress Drawings.pdf,
SDD-5719,TVS Damper,MA005 - TVS Damper Installation,300190-Mechanical-Tunnels-Progress Drawings.pdf,
SDD-5720,TVS Damper,MA005 - TVS Damper Installation,300190-Mechanical-Tunnels-Progress Drawings.pdf,
SDD-5721,TVS Damper,MA005 - TVS Damper Installation,300190-Mechanical-Tunnels-Progress Drawings.pdf,
SDD-5722,TVS Damper,MA005 - TVS Damper Installation,300190-Mechanical-Tunnels-Progress Drawings.pdf,
SDD-5723,TVS Damper,MA005 - TVS Damper Installation,300190-Mechanical-Tunnels-Progress Drawings.pdf,
SDD-5724,TVS Damper,MA005 - TVS Damper Installation,300190-Mechanical-Tunnels-Progress Drawings.pdf,
SDD-5725,TVS Damper,MA005 - TVS Damper Installation,300190-Mechanical-Tunnels-Progress Drawings.pdf,
SDD-5726,TVS Damper,MA005 - TVS Damper Installation,300190-Mechanical-Tunnels-Progress Drawings.pdf,
SDD-5727,TVS Damper,MA005 - TVS Damper Installation,300190-Mechanical-Tunnels-Progress Drawings.pdf,
SDD-5728,TVS Damper,MA005 - TVS Damper Installation,300190-Mechanical-Tunnels-Progress Drawings.pdf,
SDD-5729,TVS Damper,MA005 - TVS Damper Installation,300190-Mechanical-Tunnels-Progress Drawings.pdf,
SDD-5730,TVS Damper,MA005 - TVS Damper Installation,300190-Mechanical-Tunnels-Progress Drawings.pdf,
SDD-5731,TVS Damper,MA005 - TVS Damper Installation,300190-Mechanical-Tunnels-Progress Drawings.pdf,
SDD-5732,TVS Damper,MA005 - TVS Damper Installation,300190-Mechanical-Tunnels-Progress Drawings.pdf,
SDD-5733,TVS Damper,MA005 - TVS Damper Installation,300190-Mechanical-Tunnels-Progress Drawings.pdf,
SDD-5734,TVS Damper,MA005 - TVS Damper Installation,300190-Mechanical-Tunnels-Progress Drawings.pdf,
SDD-5735,TVS Damper,MA005 - TVS Damper Installation,300190-Mechanical-Tunnels-Progress Drawings.pdf,
SDD-5736,TVS Damper,MA005 - TVS Damper Installation,300190-Mechanical-Tunnels-Progress Drawings.pdf,
SDD-5737,TVS Damper,MA005 - TVS Damper Installation,300190-Mechanical-Tunnels-Progress Drawings.pdf,
SDD-5738,TVS Damper,MA005 - TVS Damper Installation,300190-Mechanical-Tunnels-Progress Drawings.pdf,
SDD-5739,TVS Damper,MA005 - TVS Damper Installation,300190-Mechanical-Tunnels-Progress Drawings.pdf,
SDD-5740,TVS Damper,MA005 - TVS Damper Installation,300190-Mechanical-Tunnels-Progress Drawings.pdf,
SDD-5741,TVS Damper,MA005 - TVS Damper Installation,300190-Mechanical-Tunnels-Progress Drawings.pdf,
SDD-5742,TVS Damper,MA005 - TVS Damper Installation,300190-Mechanical-Tunnels-Progress Drawings.pdf,
SDD-5743,TVS Damper,MA005 - TVS Damper Installation,300190-Mechanical-Tunnels-Progress Drawings.pdf,
SDD-5744,TVS Damper,MA005 - TVS Damper Installation,300190-Mechanical-Tunnels-Progress Drawings.pdf,
SDD-5745,TVS Damper,MA005 - TVS Damper Installation,300190-Mechanical-Tunnels-Progress Drawings.pdf,
SDD-5746,TVS Damper,MA005 - TVS Damper Installation,300190-Mechanical-Tunnels-Progress Drawings.pdf,
SDD-5747,TVS Damper,MA005 - TVS Damper Installation,300190-Mechanical-Tunnels-Progress Drawings.pdf,
SDD-5748,TVS Damper,MA005 - TVS Damper Installation,300190-Mechanical-Tunnels-Progress Drawings.pdf,
SDD-5749,TVS Damper,MA005 - TVS Damper Installation,300190-Mechanical-Tunnels-Progress Drawings.pdf,
SDD-5750,TVS Damper,MA005 - TVS Damper Installation,300190-Mechanical-Tunnels-Progress Drawings.pdf,
SDD-5751,TVS Damper,MA005 - TVS Damper Installation,300190-Mechanical-Tunnels-Progress Drawings.pdf,
SDD-5752,TVS Damper,MA005 - TVS Damper Installation,300190-Mechanical-Tunnels-Progress Drawings.pdf,
SDD-5753,TVS Damper,MA005 - TVS Damper Installation,300190-Mechanical-Tunnels-Progress Drawings.pdf,
SDD-5754,TVS Damper,MA005 - TVS Damper Installation,300190-Mechanical-Tunnels-Progress Drawings.pdf,
SDD-5755,TVS Damper,MA005 - TVS Damper Installation,300190-Mechanical-Tunnels-Progress Drawings.pdf,
SDD-5756,TVS Damper,MA005 - TVS Damper Installation,300190-Mechanical-Tunnels-Progress Drawings.pdf,
SDD-5757,TVS Damper,MA005 - TVS Damper Installation,300190-Mechanical-Tunnels-Progress Drawings.pdf,
SDD-5758,TVS Damper,MA005 - TVS Damper Installation,300190-Mechanical-Tunnels-Progress Drawings.pdf,
SDD-5759,TVS Damper,MA005 - TVS Damper Installation,300190-Mechanical-Tunnels-Progress Drawings.pdf,
SDD-5760,TVS Damper,MA005 - TVS Damper Installation,300190-Mechanical-Tunnels-Progress Drawings.pdf,
SDD-5761,TVS Damper,MA005 - TVS Damper Installation,300190-Mechanical-Tunnels-Progress Drawings.pdf,
SDD-5762,TVS Damper,MA005 - TVS Damper Installation,300190-Mechanical-Tunnels-Progress Drawings.pdf,
SDD-5763,TVS Damper,MA005 - TVS Damper Installation,300190-Mechanical-Tunnels-Progress Drawings.pdf,
SDD-5764,TVS Damper,MA005 - TVS Damper Installation,300190-Mechanical-Tunnels-Progress Drawings.pdf,
SDD-5765,TVS Damper,MA005 - TVS Damper Installation,300190-Mechanical-Tunnels-Progress Drawings.pdf,
SDD-5766,TVS Damper,MA005 - TVS Damper Installation,300190-Mechanical-Tunnels-Progress Drawings.pdf,
SDD-5767,TVS Damper,MA005 - TVS Damper Installation,300190-Mechanical-Tunnels-Progress Drawings.pdf,
SDD-5768,TVS Damper,MA005 - TVS Damper Installation,300190-Mechanical-Tunnels-Progress Drawings.pdf,
SDD-5769,TVS Damper,MA005 - TVS Damper Installation,300190-Mechanical-Tunnels-Progress Drawings.pdf,
SDD-5770,TVS Damper,MA005 - TVS Damper Installation,300190-Mechanical-Tunnels-Progress Drawings.pdf,
SDD-5771,TVS Damper,MA005 - TVS Damper Installation,300190-Mechanical-Tunnels-Progress Drawings.pdf,
SDD-5772,TVS Damper,MA005 - TVS Damper Installation,300190-Mechanical-Tunnels-Progress Drawings.pdf,
SDD-5773,TVS Damper,MA005 - TVS Damper Installation,300190-Mechanical-Tunnels-Progress Drawings.pdf,
SDD-5774,TVS Damper,MA005 - TVS Damper Installation,300190-Mechanical-Tunnels-Progress Drawings.pdf,
SDD-5775,TVS Damper,MA005 - TVS Damper Installation,300190-Mechanical-Tunnels-Progress Drawings.pdf,
SDD-5776,TVS Damper,MA005 - TVS Damper Installation,300190-Mechanical-Tunnels-Progress Drawings.pdf,
SDD-5777,TVS Damper,MA005 - TVS Damper Installation,300190-Mechanical-Tunnels-Progress Drawings.pdf,
SDD-5778,TVS Damper,MA005 - TVS Damper Installation,300190-Mechanical-Tunnels-Progress Drawings.pdf,
SDD-5779,TVS Damper,MA005 - TVS Damper Installation,300190-Mechanical-Tunnels-Progress Drawings.pdf,
SDD-5780,TVS Damper,MA005 - TVS Damper Installation,300190-Mechanical-Tunnels-Progress Drawings.pdf,
SDD-5781,TVS Damper,MA005 - TVS Damper Installation,300190-Mechanical-Tunnels-Progress Drawings.pdf,
SDD-5782,TVS Damper,MA005 - TVS Damper Installation,300190-Mechanical-Tunnels-Progress Drawings.pdf,
SDD-5783,TVS Damper,MA005 - TVS Damper Installation,300190-Mechanical-Tunnels-Progress Drawings.pdf,
SDD-5784,TVS Damper,MA005 - TVS Damper Installation,300190-Mechanical-Tunnels-Progress Drawings.pdf,
SDD-5785,TVS Damper,MA005 - TVS Damper Installation,300190-Mechanical-Tunnels-Progress Drawings.pdf,
SDD-5786,TVS Damper,MA005 - TVS Damper Installation,300190-Mechanical-Tunnels-Progress Drawings.pdf,
SDD-5787,TVS Damper,MA005 - TVS Damper Installation,300190-Mechanical-Tunnels-Progress Drawings.pdf,
SDD-5788,TVS Damper,MA005 - TVS Damper Installation,300190-Mechanical-Tunnels-Progress Drawings.pdf,
SDD-5789,TVS Damper,MA005 - TVS Damper Installation,300190-Mechanical-Tunnels-Progress Drawings.pdf,
SDD-5790,TVS Damper,MA005 - TVS Damper Installation,300190-Mechanical-Tunnels-Progress Drawings.pdf,
SDD-5791,TVS Damper,MA005 - TVS Damper Installation,300190-Mechanical-Tunnels-Progress Drawings.pdf,
SDD-5792,TVS Damper,MA005 - TVS Damper Installation,300190-Mechanical-Tunnels-Progress Drawings.pdf,
SDD-5793,TVS Damper,MA005 - TVS Damper Installation,300190-Mechanical-Tunnels-Progress Drawings.pdf,
SDD-5794,TVS Damper,MA005 - TVS Damper Installation,300190-Mechanical-Tunnels-Progress Drawings.pdf,
SDD-5795,TVS Damper,MA005 - TVS Damper Installation,300190-Mechanical-Tunnels-Progress Drawings.pdf,
SDD-5796,TVS Damper,MA005 - TVS Damper Installation,300190-Mechanical-Tunnels-Progress Drawings.pdf,
SDD-5797,TVS Damper,MA005 - TVS Damper Installation,300190-Mechanical-Tunnels-Progress Drawings.pdf,
SDD-5798,TVS Damper,MA005 - TVS Damper Installation,300190-Mechanical-Tunnels-Progress Drawings.pdf,
SDD-5799,TVS Damper,MA005 - TVS Damper Installation,300190-Mechanical-Tunnels-Progress Drawings.pdf,
SDD-5800,TVS Damper,MA005 - TVS Damper Installation,300190-Mechanical-Tunnels-Progress Drawings.pdf,
SDD-5801,TVS Damper,MA005 - TVS Damper Installation,300190-Mechanical-Tunnels-Progress Drawings.pdf,
SDD-5802,TVS Damper,MA005 - TVS Damper Installation,300190-Mechanical-Tunnels-Progress Drawings.pdf,
SDD-5803,TVS Damper,MA005 - TVS Damper Installation,300190-Mechanical-Tunnels-Progress Drawings.pdf,
SDD-5804,TVS Damper,MA005 - TVS Damper Installation,300190-Mechanical-Tunnels-Progress Drawings.pdf,
SDD-5805,TVS Damper,MA005 - TVS Damper Installation,300190-Mechanical-Tunnels-Progress Drawings.pdf,
SDD-5806,TVS Damper,MA005 - TVS Damper Installation,300190-Mechanical-Tunnels-Progress Drawings.pdf,
SDD-5807,TVS Damper,MA005 - TVS Damper Installation,300190-Mechanical-Tunnels-Progress Drawings.pdf,
SDD-5808,TVS Damper,MA005 - TVS Damper Installation,300190-Mechanical-Tunnels-Progress Drawings.pdf,
SDD-5809,TVS Damper,MA005 - TVS Damper Installation,300190-Mechanical-Tunnels-Progress Drawings.pdf,
SDD-5810,TVS Damper,MA005 - TVS Damper Installation,300190-Mechanical-Tunnels-Progress Drawings.pdf,
SDD-5811,TVS Damper,MA005 - TVS Damper Installation,300190-Mechanical-Tunnels-Progress Drawings.pdf,
SDD-5812,TVS Damper,MA005 - TVS Damper Installation,300190-Mechanical-Tunnels-Progress Drawings.pdf,
SDD-5813,TVS Damper,MA005 - TVS Damper Installation,300190-Mechanical-Tunnels-Progress Drawings.pdf,
SDD-5814,TVS Damper,MA005 - TVS Damper Installation,300190-Mechanical-Tunnels-Progress Drawings.pdf,
SDD-5815,TVS Damper,MA005 - TVS Damper Installation,300190-Mechanical-Tunnels-Progress Drawings.pdf,
SDD-5816,TVS Damper,MA005 - TVS Damper Installation,300190-Mechanical-Tunnels-Progress Drawings.pdf,
SDD-5817,TVS Damper,MA005 - TVS Damper Installation,300190-Mechanical-Tunnels-Progress Drawings.pdf,
SDD-5818,TVS Damper,MA005 - TVS Damper Installation,300190-Mechanical-Tunnels-Progress Drawings.pdf,
SDD-5819,TVS Damper,MA005 - TVS Damper Installation,300190-Mechanical-Tunnels-Progress Drawings.pdf,
SDD-5820,TVS Damper,MA005 - TVS Damper Installation,300190-Mechanical-Tunnels-Progress Drawings.pdf,
SDD-5821,TVS Damper,MA005 - TVS Damper Installation,300190-Mechanical-Tunnels-Progress Drawings.pdf,
SDD-5822,TVS Damper,MA005 - TVS Damper Installation,300190-Mechanical-Tunnels-Progress Drawings.pdf,
SDD-5823,TVS Damper,MA005 - TVS Damper Installation,300190-Mechanical-Tunnels-Progress Drawings.pdf,
SDD-5824,TVS Damper,MA005 - TVS Damper Installation,300190-Mechanical-Tunnels-Progress Drawings.pdf,
SDD-5825,TVS Damper,MA005 - TVS Damper Installation,300190-Mechanical-Tunnels-Progress Drawings.pdf,
SDD-5826,TVS Damper,MA005 - TVS Damper Installation,300190-Mechanical-Tunnels-Progress Drawings.pdf,
SDD-5827,TVS Damper,MA005 - TVS Damper Installation,300190-Mechanical-Tunnels-Progress Drawings.pdf,
SDD-5828,TVS Damper,MA005 - TVS Damper Installation,300190-Mechanical-Tunnels-Progress Drawings.pdf,
SDD-5829,TVS Damper,MA005 - TVS Damper Installation,300190-Mechanical-Tunnels-Progress Drawings.pdf,
SDD-5830,TVS Damper,MA005 - TVS Damper Installation,300190-Mechanical-Tunnels-Progress Drawings.pdf,
SDD-5831,TVS Damper,MA005 - TVS Damper Installation,300190-Mechanical-Tunnels-Progress Drawings.pdf,
SDD-5832,TVS Damper,MA005 - TVS Damper Installation,300190-Mechanical-Tunnels-Progress Drawings.pdf,
SDD-5833,TVS Damper,MA005 - TVS Damper Installation,300190-Mechanical-Tunnels-Progress Drawings.pdf,
SDD-5834,TVS Damper,MA005 - TVS Damper Installation,300190-Mechanical-Tunnels-Progress Drawings.pdf,
SDD-5835,TVS Damper,MA005 - TVS Damper Installation,300190-Mechanical-Tunnels-Progress Drawings.pdf,
SDD-5836,TVS Damper,MA005 - TVS Damper Installation,300190-Mechanical-Tunnels-Progress Drawings.pdf,
SDD-5837,TVS Damper,MA005 - TVS Damper Installation,300190-Mechanical-Tunnels-Progress Drawings.pdf,
SDD-5838,TVS Damper,MA005 - TVS Damper Installation,300190-Mechanical-Tunnels-Progress Drawings.pdf,
SDD-5839,TVS Damper,MA005 - TVS Damper Installation,300190-Mechanical-Tunnels-Progress Drawings.pdf,
SDD-5840,TVS Damper,MA005 - TVS Damper Installation,300190-Mechanical-Tunnels-Progress Drawings.pdf,
SDD-5841,TVS Damper,MA005 - TVS Damper Installation,300190-Mechanical-Tunnels-Progress Drawings.pdf,
SDD-5842,TVS Damper,MA005 - TVS Damper Installation,300190-Mechanical-Tunnels-Progress Drawings.pdf,
SDD-5843,TVS Damper,MA005 - TVS Damper Installation,300190-Mechanical-Tunnels-Progress Drawings.pdf,
SDD-5844,TVS Damper,MA005 - TVS Damper Installation,300190-Mechanical-Tunnels-Progress Drawings.pdf,
SDD-5845,TVS Damper,MA005 - TVS Damper Installation,300190-Mechanical-Tunnels-Progress Drawings.pdf,
SDD-5846,TVS Damper,MA005 - TVS Damper Installation,300190-Mechanical-Tunnels-Progress Drawings.pdf,
SDD-5847,TVS Damper,MA005 - TVS Damper Installation,300190-Mechanical-Tunnels-Progress Drawings.pdf,
SDD-5848,TVS Damper,MA005 - TVS Damper Installation,300190-Mechanical-Tunnels-Progress Drawings.pdf,
SDD-5849,TVS Damper,MA005 - TVS Damper Installation,300190-Mechanical-Tunnels-Progress Drawings.pdf,
SDD-5850,TVS Damper,MA005 - TVS Damper Installation,300190-Mechanical-Tunnels-Progress Drawings.pdf,
SDD-5851,TVS Damper,MA005 - TVS Damper Installation,300190-Mechanical-Tunnels-Progress Drawings.pdf,
SDD-5852,TVS Damper,MA005 - TVS Damper Installation,300190-Mechanical-Tunnels-Progress Drawings.pdf,
SDD-5853,TVS Damper,MA005 - TVS Damper Installation,300190-Mechanical-Tunnels-Progress Drawings.pdf,
SDD-5854,TVS Damper,MA005 - TVS Damper Installation,300190-Mechanical-Tunnels-Progress Drawings.pdf,
SDD-5855,TVS Damper,MA005 - TVS Damper Installation,300190-Mechanical-Tunnels-Progress Drawings.pdf,
SDD-5856,TVS Damper,MA005 - TVS Damper Installation,300190-Mechanical-Tunnels-Progress Drawings.pdf,
SDD-5857,TVS Damper,MA005 - TVS Damper Installation,300190-Mechanical-Tunnels-Progress Drawings.pdf,
SDD-5858,TVS Damper,MA005 - TVS Damper Installation,300190-Mechanical-Tunnels-Progress Drawings.pdf,
SDD-5859,TVS Damper,MA005 - TVS Damper Installation,300190-Mechanical-Tunnels-Progress Drawings.pdf,
SDD-5860,TVS Damper,MA005 - TVS Damper Installation,300190-Mechanical-Tunnels-Progress Drawings.pdf,
SDD-5861,TVS Damper,MA005 - TVS Damper Installation,300190-Mechanical-Tunnels-Progress Drawings.pdf,
SDD-5862,TVS Damper,MA005 - TVS Damper Installation,300190-Mechanical-Tunnels-Progress Drawings.pdf,
SDD-5863,TVS Damper,MA005 - TVS Damper Installation,300190-Mechanical-Tunnels-Progress Drawings.pdf,
SDD-5864,TVS Damper,MA005 - TVS Damper Installation,300190-Mechanical-Tunnels-Progress Drawings.pdf,
SDD-5865,TVS Damper,MA005 - TVS Damper Installation,300190-Mechanical-Tunnels-Progress Drawings.pdf,
SDD-5866,TVS Damper,MA005 - TVS Damper Installation,300190-Mechanical-Tunnels-Progress Drawings.pdf,
SDD-5867,TVS Damper,MA005 - TVS Damper Installation,300190-Mechanical-Tunnels-Progress Drawings.pdf,
SDD-5868,TVS Damper,MA005 - TVS Damper Installation,300190-Mechanical-Tunnels-Progress Drawings.pdf,
SDD-5869,TVS Damper,MA005 - TVS Damper Installation,300190-Mechanical-Tunnels-Progress Drawings.pdf,
SDD-5870,TVS Damper,MA005 - TVS Damper Installation,300190-Mechanical-Tunnels-Progress Drawings.pdf,
SDD-5871,TVS Damper,MA005 - TVS Damper Installation,300190-Mechanical-Tunnels-Progress Drawings.pdf,
SDD-5872,TVS Damper,MA005 - TVS Damper Installation,300190-Mechanical-Tunnels-Progress Drawings.pdf,
SDD-5873,TVS Damper,MA005 - TVS Damper Installation,300190-Mechanical-Tunnels-Progress Drawings.pdf,
SDD-5874,TVS Damper,MA005 - TVS Damper Installation,300190-Mechanical-Tunnels-Progress Drawings.pdf,
SDD-5875,TVS Damper,MA005 - TVS Damper Installation,300190-Mechanical-Tunnels-Progress Drawings.pdf,
SDD-5876,TVS Damper,MA005 - TVS Damper Installation,300190-Mechanical-Tunnels-Progress Drawings.pdf,
SDD-5877,TVS Damper,MA005 - TVS Damper Installation,300190-Mechanical-Tunnels-Progress Drawings.pdf,
SDD-5878,TVS Damper,MA005 - TVS Damper Installation,300190-Mechanical-Tunnels-Progress Drawings.pdf,
SDD-5879,TVS Damper,MA005 - TVS Damper Installation,300190-Mechanical-Tunnels-Progress Drawings.pdf,
SDD-5880,TVS Damper,MA005 - TVS Damper Installation,300190-Mechanical-Tunnels-Progress Drawings.pdf,
SDD-5881,TVS Damper,MA005 - TVS Damper Installation,300190-Mechanical-Tunnels-Progress Drawings.pdf,
SDD-5882,TVS Damper,MA005 - TVS Damper Installation,300190-Mechanical-Tunnels-Progress Drawings.pdf,
SDD-5883,TVS Damper,MA005 - TVS Damper Installation,300190-Mechanical-Tunnels-Progress Drawings.pdf,
SDD-5884,TVS Damper,MA005 - TVS Damper Installation,300190-Mechanical-Tunnels-Progress Drawings.pdf,
SDD-5885,TVS Damper,MA005 - TVS Damper Installation,300190-Mechanical-Tunnels-Progress Drawings.pdf,
SDD-5886,TVS Damper,MA005 - TVS Damper Installation,300190-Mechanical-Tunnels-Progress Drawings.pdf,
SDD-5887,TVS Damper,MA005 - TVS Damper Installation,300190-Mechanical-Tunnels-Progress Drawings.pdf,
SDD-5888,TVS Damper,MA005 - TVS Damper Installation,300190-Mechanical-Tunnels-Progress Drawings.pdf,
SDD-5889,TVS Damper,MA005 - TVS Damper Installation,300190-Mechanical-Tunnels-Progress Drawings.pdf,
SDD-5890,TVS Damper,MA005 - TVS Damper Installation,300190-Mechanical-Tunnels-Progress Drawings.pdf,
SDD-5891,TVS Damper,MA005 - TVS Damper Installation,300190-Mechanical-Tunnels-Progress Drawings.pdf,
SDD-5892,TVS Damper,MA005 - TVS Damper Installation,300190-Mechanical-Tunnels-Progress Drawings.pdf,
SDD-5893,TVS Damper,MA005 - TVS Damper Installation,300190-Mechanical-Tunnels-Progress Drawings.pdf,
SDD-5894,TVS Damper,MA005 - TVS Damper Installation,300190-Mechanical-Tunnels-Progress Drawings.pdf,
SDD-5895,TVS Damper,MA005 - TVS Damper Installation,300190-Mechanical-Tunnels-Progress Drawings.pdf,
SDD-5896,TVS Damper,MA005 - TVS Damper Installation,300190-Mechanical-Tunnels-Progress Drawings.pdf,
SDD-5897,TVS Damper,MA005 - TVS Damper Installation,300190-Mechanical-Tunnels-Progress Drawings.pdf,
SDD-5898,TVS Damper,MA005 - TVS Damper Installation,300190-Mechanical-Tunnels-Progress Drawings.pdf,
SDD-5899,TVS Damper,MA005 - TVS Damper Installation,300190-Mechanical-Tunnels-Progress Drawings.pdf,
SDD-5900,TVS Damper,MA005 - TVS Damper Installation,300190-Mechanical-Tunnels-Progress Drawings.pdf,
SDD-5901,TVS Damper,MA005 - TVS Damper Installation,300190-Mechanical-Tunnels-Progress Drawings.pdf,
SDD-5902,TVS Damper,MA005 - TVS Damper Installation,300190-Mechanical-Tunnels-Progress Drawings.pdf,
SDD-5903,TVS Damper,MA005 - TVS Damper Installation,300190-Mechanical-Tunnels-Progress Drawings.pdf,
SDD-5904,TVS Damper,MA005 - TVS Damper Installation,300190-Mechanical-Tunnels-Progress Drawings.pdf,
SDD-5905,TVS Damper,MA005 - TVS Damper Installation,300190-Mechanical-Tunnels-Progress Drawings.pdf,
SDD-5906,TVS Damper,MA005 - TVS Damper Installation,300190-Mechanical-Tunnels-Progress Drawings.pdf,
SDD-5907,TVS Damper,MA005 - TVS Damper Installation,300190-Mechanical-Tunnels-Progress Drawings.pdf,
SDD-5908,TVS Damper,MA005 - TVS Damper Installation,300190-Mechanical-Tunnels-Progress Drawings.pdf,
SDD-5909,TVS Damper,MA005 - TVS Damper Installation,300190-Mechanical-Tunnels-Progress Drawings.pdf,
SDD-5910,TVS Damper,MA005 - TVS Damper Installation,300190-Mechanical-Tunnels-Progress Drawings.pdf,
SDD-5911,TVS Damper,MA005 - TVS Damper Installation,300190-Mechanical-Tunnels-Progress Drawings.pdf,
SDD-5912,TVS Damper,MA005 - TVS Damper Installation,300190-Mechanical-Tunnels-Progress Drawings.pdf,
SDD-5913,TVS Damper,MA005 - TVS Damper Installation,300190-Mechanical-Tunnels-Progress Drawings.pdf,
SDD-5914,TVS Damper,MA005 - TVS Damper Installation,300190-Mechanical-Tunnels-Progress Drawings.pdf,
SDD-5915,TVS Damper,MA005 - TVS Damper Installation,300190-Mechanical-Tunnels-Progress Drawings.pdf,
SDD-5916,TVS Damper,MA005 - TVS Damper Installation,300190-Mechanical-Tunnels-Progress Drawings.pdf,
SDD-5917,TVS Damper,MA005 - TVS Damper Installation,300190-Mechanical-Tunnels-Progress Drawings.pdf,
SDD-5918,TVS Damper,MA005 - TVS Damper Installation,300190-Mechanical-Tunnels-Progress Drawings.pdf,
SDD-5919,TVS Damper,MA005 - TVS Damper Installation,300190-Mechanical-Tunnels-Progress Drawings.pdf,
SDD-5920,TVS Damper,MA005 - TVS Damper Installation,300190-Mechanical-Tunnels-Progress Drawings.pdf,
SDD-5921,TVS Damper,MA005 - TVS Damper Installation,300190-Mechanical-Tunnels-Progress Drawings.pdf,
SDD-5922,TVS Damper,MA005 - TVS Damper Installation,300190-Mechanical-Tunnels-Progress Drawings.pdf,
SDD-5923,TVS Damper,MA005 - TVS Damper Installation,300190-Mechanical-Tunnels-Progress Drawings.pdf,
SDD-5924,TVS Damper,MA005 - TVS Damper Installation,300190-Mechanical-Tunnels-Progress Drawings.pdf,
SDD-5925,TVS Damper,MA005 - TVS Damper Installation,300190-Mechanical-Tunnels-Progress Drawings.pdf,
SDD-5926,TVS Damper,MA005 - TVS Damper Installation,300190-Mechanical-Tunnels-Progress Drawings.pdf,
SDD-5927,TVS Damper,MA005 - TVS Damper Installation,300190-Mechanical-Tunnels-Progress Drawings.pdf,
SDD-5928,TVS Damper,MA005 - TVS Damper Installation,300190-Mechanical-Tunnels-Progress Drawings.pdf,
SDD-5929,TVS Damper,MA005 - TVS Damper Installation,300190-Mechanical-Tunnels-Progress Drawings.pdf,
SDD-5930,TVS Damper,MA005 - TVS Damper Installation,300190-Mechanical-Tunnels-Progress Drawings.pdf,
SDD-5931,TVS Damper,MA005 - TVS Damper Installation,300190-Mechanical-Tunnels-Progress Drawings.pdf,
SDD-5932,TVS Damper,MA005 - TVS Damper Installation,300190-Mechanical-Tunnels-Progress Drawings.pdf,
SDD-5933,TVS Damper,MA005 - TVS Damper Installation,300190-Mechanical-Tunnels-Progress Drawings.pdf,
SDD-5934,TVS Damper,MA005 - TVS Damper Installation,300190-Mechanical-Tunnels-Progress Drawings.pdf,
SDD-5935,TVS Damper,MA005 - TVS Damper Installation,300190-Mechanical-Tunnels-Progress Drawings.pdf,
SDD-5936,TVS Damper,MA005 - TVS Damper Installation,300190-Mechanical-Tunnels-Progress Drawings.pdf,
SDD-5937,TVS Damper,MA005 - TVS Damper Installation,300190-Mechanical-Tunnels-Progress Drawings.pdf,
SDD-5938,TVS Damper,MA005 - TVS Damper Installation,300190-Mechanical-Tunnels-Progress Drawings.pdf,
SDD-5939,TVS Damper,MA005 - TVS Damper Installation,300190-Mechanical-Tunnels-Progress Drawings.pdf,
SDD-5940,TVS Damper,MA005 - TVS Damper Installation,300190-Mechanical-Tunnels-Progress Drawings.pdf,
SDD-5941,TVS Damper,MA005 - TVS Damper Installation,300190-Mechanical-Tunnels-Progress Drawings.pdf,
SDD-5942,TVS Damper,MA005 - TVS Damper Installation,300190-Mechanical-Tunnels-Progress Drawings.pdf,
SDD-5943,TVS Damper,MA005 - TVS Damper Installation,300190-Mechanical-Tunnels-Progress Drawings.pdf,
SDD-5944,TVS Damper,MA005 - TVS Damper Installation,300190-Mechanical-Tunnels-Progress Drawings.pdf,
SDD-5945,TVS Damper,MA005 - TVS Damper Installation,300190-Mechanical-Tunnels-Progress Drawings.pdf,
SDD-5946,TVS Damper,MA005 - TVS Damper Installation,300190-Mechanical-Tunnels-Progress Drawings.pdf,
SDD-5947,TVS Damper,MA005 - TVS Damper Installation,300190-Mechanical-Tunnels-Progress Drawings.pdf,
SDD-5948,TVS Damper,MA005 - TVS Damper Installation,300190-Mechanical-Tunnels-Progress Drawings.pdf,
SDD-5949,TVS Damper,MA005 - TVS Damper Installation,300190-Mechanical-Tunnels-Progress Drawings.pdf,
SDD-5950,TVS Damper,MA005 - TVS Damper Installation,300190-Mechanical-Tunnels-Progress Drawings.pdf,
SDD-5951,TVS Damper,MA005 - TVS Damper Installation,300190-Mechanical-Tunnels-Progress Drawings.pdf,
SDD-5952,TVS Damper,MA005 - TVS Damper Installation,300190-Mechanical-Tunnels-Progress Drawings.pdf,
SDD-5953,TVS Damper,MA005 - TVS Damper Installation,300190-Mechanical-Tunnels-Progress Drawings.pdf,
SDD-5954,TVS Damper,MA005 - TVS Damper Installation,300190-Mechanical-Tunnels-Progress Drawings.pdf,
SDD-5955,TVS Damper,MA005 - TVS Damper Installation,300190-Mechanical-Tunnels-Progress Drawings.pdf,
SDD-5956,TVS Damper,MA005 - TVS Damper Installation,300190-Mechanical-Tunnels-Progress Drawings.pdf,
SDD-5957,TVS Damper,MA005 - TVS Damper Installation,300190-Mechanical-Tunnels-Progress Drawings.pdf,
SDD-5958,TVS Damper,MA005 - TVS Damper Installation,300190-Mechanical-Tunnels-Progress Drawings.pdf,
SDD-5959,TVS Damper,MA005 - TVS Damper Installation,300190-Mechanical-Tunnels-Progress Drawings.pdf,
SDD-5960,TVS Damper,MA005 - TVS Damper Installation,300190-Mechanical-Tunnels-Progress Drawings.pdf,
SDD-5961,TVS Damper,MA005 - TVS Damper Installation,300190-Mechanical-Tunnels-Progress Drawings.pdf,
SDD-5962,TVS Damper,MA005 - TVS Damper Installation,300190-Mechanical-Tunnels-Progress Drawings.pdf,
SDD-5963,TVS Damper,MA005 - TVS Damper Installation,300190-Mechanical-Tunnels-Progress Drawings.pdf,
SDD-5964,TVS Damper,MA005 - TVS Damper Installation,300190-Mechanical-Tunnels-Progress Drawings.pdf,
SDD-5965,TVS Damper,MA005 - TVS Damper Installation,300190-Mechanical-Tunnels-Progress Drawings.pdf,
SDD-5966,TVS Damper,MA005 - TVS Damper Installation,300190-Mechanical-Tunnels-Progress Drawings.pdf,
SDD-5967,TVS Damper,MA005 - TVS Damper Installation,300190-Mechanical-Tunnels-Progress Drawings.pdf,
SDD-5968,TVS Damper,MA005 - TVS Damper Installation,300190-Mechanical-Tunnels-Progress Drawings.pdf,
SDD-5969,TVS Damper,MA005 - TVS Damper Installation,300190-Mechanical-Tunnels-Progress Drawings.pdf,
SDD-5970,TVS Damper,MA005 - TVS Damper Installation,300190-Mechanical-Tunnels-Progress Drawings.pdf,
SDD-5971,TVS Damper,MA005 - TVS Damper Installation,300190-Mechanical-Tunnels-Progress Drawings.pdf,
SDD-5972,TVS Damper,MA005 - TVS Damper Installation,300190-Mechanical-Tunnels-Progress Drawings.pdf,
SDD-5973,TVS Damper,MA005 - TVS Damper Installation,300190-Mechanical-Tunnels-Progress Drawings.pdf,
SDD-5974,TVS Damper,MA005 - TVS Damper Installation,300190-Mechanical-Tunnels-Progress Drawings.pdf,
SDD-5975,TVS Damper,MA005 - TVS Damper Installation,300190-Mechanical-Tunnels-Progress Drawings.pdf,
SDD-5976,TVS Damper,MA005 - TVS Damper Installation,300190-Mechanical-Tunnels-Progress Drawings.pdf,
SDD-5977,TVS Damper,MA005 - TVS Damper Installation,300190-Mechanical-Tunnels-Progress Drawings.pdf,
SDD-5978,TVS Damper,MA005 - TVS Damper Installation,300190-Mechanical-Tunnels-Progress Drawings.pdf,
SDD-5979,TVS Damper,MA005 - TVS Damper Installation,300190-Mechanical-Tunnels-Progress Drawings.pdf,
SDD-5980,TVS Damper,MA005 - TVS Damper Installation,300190-Mechanical-Tunnels-Progress Drawings.pdf,
SDD-5981,TVS Damper,MA005 - TVS Damper Installation,300190-Mechanical-Tunnels-Progress Drawings.pdf,
SDD-5982,TVS Damper,MA005 - TVS Damper Installation,300190-Mechanical-Tunnels-Progress Drawings.pdf,
SDD-5983,TVS Damper,MA005 - TVS Damper Installation,300190-Mechanical-Tunnels-Progress Drawings.pdf,
SDD-5984,TVS Damper,MA005 - TVS Damper Installation,300190-Mechanical-Tunnels-Progress Drawings.pdf,
SDD-5985,TVS Damper,MA005 - TVS Damper Installation,300190-Mechanical-Tunnels-Progress Drawings.pdf,
SDD-5986,TVS Damper,MA005 - TVS Damper Installation,300190-Mechanical-Tunnels-Progress Drawings.pdf,
SDD-5987,TVS Damper,MA005 - TVS Damper Installation,300190-Mechanical-Tunnels-Progress Drawings.pdf,
SDD-5988,TVS Damper,MA005 - TVS Damper Installation,300190-Mechanical-Tunnels-Progress Drawings.pdf,
SDD-5989,TVS Damper,MA005 - TVS Damper Installation,300190-Mechanical-Tunnels-Progress Drawings.pdf,
SDD-5990,TVS Damper,MA005 - TVS Damper Installation,300190-Mechanical-Tunnels-Progress Drawings.pdf,
SDD-5991,TVS Damper,MA005 - TVS Damper Installation,300190-Mechanical-Tunnels-Progress Drawings.pdf,
SDD-5992,TVS Damper,MA005 - TVS Damper Installation,300190-Mechanical-Tunnels-Progress Drawings.pdf,
SDD-5993,TVS Damper,MA005 - TVS Damper Installation,300190-Mechanical-Tunnels-Progress Drawings.pdf,
SDD-5994,TVS Damper,MA005 - TVS Damper Installation,300190-Mechanical-Tunnels-Progress Drawings.pdf,
SDD-5995,TVS Damper,MA005 - TVS Damper Installation,300190-Mechanical-Tunnels-Progress Drawings.pdf,
SDD-5996,TVS Damper,MA005 - TVS Damper Installation,300190-Mechanical-Tunnels-Progress Drawings.pdf,
SDD-5997,TVS Damper,MA005 - TVS Damper Installation,300190-Mechanical-Tunnels-Progress Drawings.pdf,
SDD-5998,TVS Damper,MA005 - TVS Damper Installation,300190-Mechanical-Tunnels-Progress Drawings.pdf,
SDD-5999,TVS Damper,MA005 - TVS Damper Installation,300190-Mechanical-Tunnels-Progress Drawings.pdf,
SDD-6000,TVS Damper,MA005 - TVS Damper Installation,300190-Mechanical-Tunnels-Progress Drawings.pdf,
SDD-6001,TVS Damper,MA005 - TVS Damper Installation,300190-Mechanical-Tunnels-Progress Drawings.pdf,
SDD-6002,TVS Damper,MA005 - TVS Damper Installation,300190-Mechanical-Tunnels-Progress Drawings.pdf,
SDD-6003,TVS Damper,MA005 - TVS Damper Installation,300190-Mechanical-Tunnels-Progress Drawings.pdf,
SDD-6004,TVS Damper,MA005 - TVS Damper Installation,300190-Mechanical-Tunnels-Progress Drawings.pdf,
SDD-6005,TVS Damper,MA005 - TVS Damper Installation,300190-Mechanical-Tunnels-Progress Drawings.pdf,
SDD-6006,TVS Damper,MA005 - TVS Damper Installation,300190-Mechanical-Tunnels-Progress Drawings.pdf,
SDD-6007,TVS Damper,MA005 - TVS Damper Installation,300190-Mechanical-Tunnels-Progress Drawings.pdf,
SDD-6008,TVS Damper,MA005 - TVS Damper Installation,300190-Mechanical-Tunnels-Progress Drawings.pdf,
SDD-6009,TVS Damper,MA005 - TVS Damper Installation,300190-Mechanical-Tunnels-Progress Drawings.pdf,
SDD-6010,TVS Damper,MA005 - TVS Damper Installation,300190-Mechanical-Tunnels-Progress Drawings.pdf,
SDD-6011,TVS Damper,MA005 - TVS Damper Installation,300190-Mechanical-Tunnels-Progress Drawings.pdf,
SDD-6012,TVS Damper,MA005 - TVS Damper Installation,300190-Mechanical-Tunnels-Progress Drawings.pdf,
SDD-6013,TVS Damper,MA005 - TVS Damper Installation,300190-Mechanical-Tunnels-Progress Drawings.pdf,
SDD-6014,TVS Damper,MA005 - TVS Damper Installation,300190-Mechanical-Tunnels-Progress Drawings.pdf,
SDD-6015,TVS Damper,MA005 - TVS Damper Installation,300190-Mechanical-Tunnels-Progress Drawings.pdf,
SDD-6016,TVS Damper,MA005 - TVS Damper Installation,300190-Mechanical-Tunnels-Progress Drawings.pdf,
SDD-6017,TVS Damper,MA005 - TVS Damper Installation,300190-Mechanical-Tunnels-Progress Drawings.pdf,
SDD-6018,TVS Damper,MA005 - TVS Damper Installation,300190-Mechanical-Tunnels-Progress Drawings.pdf,
SDD-6019,TVS Damper,MA005 - TVS Damper Installation,300190-Mechanical-Tunnels-Progress Drawings.pdf,
SDD-6020,TVS Damper,MA005 - TVS Damper Installation,300190-Mechanical-Tunnels-Progress Drawings.pdf,
SDD-6021,TVS Damper,MA005 - TVS Damper Installation,300190-Mechanical-Tunnels-Progress Drawings.pdf,
SDD-6022,TVS Damper,MA005 - TVS Damper Installation,300190-Mechanical-Tunnels-Progress Drawings.pdf,
SDD-6023,TVS Damper,MA005 - TVS Damper Installation,300190-Mechanical-Tunnels-Progress Drawings.pdf,
SDD-6024,TVS Damper,MA005 - TVS Damper Installation,300190-Mechanical-Tunnels-Progress Drawings.pdf,
SDD-6025,TVS Damper,MA005 - TVS Damper Installation,300190-Mechanical-Tunnels-Progress Drawings.pdf,
SDD-6026,TVS Damper,MA005 - TVS Damper Installation,300190-Mechanical-Tunnels-Progress Drawings.pdf,
SDD-6027,TVS Damper,MA005 - TVS Damper Installation,300190-Mechanical-Tunnels-Progress Drawings.pdf,
SDD-6028,TVS Damper,MA005 - TVS Damper Installation,300190-Mechanical-Tunnels-Progress Drawings.pdf,
SDD-6029,TVS Damper,MA005 - TVS Damper Installation,300190-Mechanical-Tunnels-Progress Drawings.pdf,
SDD-6030,TVS Damper,MA005 - TVS Damper Installation,300190-Mechanical-Tunnels-Progress Drawings.pdf,
SDD-6031,TVS Damper,MA005 - TVS Damper Installation,300190-Mechanical-Tunnels-Progress Drawings.pdf,
SDD-6032,TVS Damper,MA005 - TVS Damper Installation,300190-Mechanical-Tunnels-Progress Drawings.pdf,
SDD-6033,TVS Damper,MA005 - TVS Damper Installation,300190-Mechanical-Tunnels-Progress Drawings.pdf,
SDD-6034,TVS Damper,MA005 - TVS Damper Installation,300190-Mechanical-Tunnels-Progress Drawings.pdf,
SDD-6035,TVS Damper,MA005 - TVS Damper Installation,300190-Mechanical-Tunnels-Progress Drawings.pdf,
SDD-6036,TVS Damper,MA005 - TVS Damper Installation,300190-Mechanical-Tunnels-Progress Drawings.pdf,
SDD-6037,TVS Damper,MA005 - TVS Damper Installation,300190-Mechanical-Tunnels-Progress Drawings.pdf,
SDD-6038,TVS Damper,MA005 - TVS Damper Installation,300190-Mechanical-Tunnels-Progress Drawings.pdf,
SDD-6039,TVS Damper,MA005 - TVS Damper Installation,300190-Mechanical-Tunnels-Progress Drawings.pdf,
SDD-6040,TVS Damper,MA005 - TVS Damper Installation,300190-Mechanical-Tunnels-Progress Drawings.pdf,
SDD-6041,TVS Damper,MA005 - TVS Damper Installation,300190-Mechanical-Tunnels-Progress Drawings.pdf,
SDD-6042,TVS Damper,MA005 - TVS Damper Installation,300190-Mechanical-Tunnels-Progress Drawings.pdf,
SDD-6043,TVS Damper,MA005 - TVS Damper Installation,300190-Mechanical-Tunnels-Progress Drawings.pdf,
SDD-6044,TVS Damper,MA005 - TVS Damper Installation,300190-Mechanical-Tunnels-Progress Drawings.pdf,
SDD-6045,TVS Damper,MA005 - TVS Damper Installation,300190-Mechanical-Tunnels-Progress Drawings.pdf,
SDD-6046,TVS Damper,MA005 - TVS Damper Installation,300190-Mechanical-Tunnels-Progress Drawings.pdf,
SDD-6047,TVS Damper,MA005 - TVS Damper Installation,300190-Mechanical-Tunnels-Progress Drawings.pdf,
SDD-6048,TVS Damper,MA005 - TVS Damper Installation,300190-Mechanical-Tunnels-Progress Drawings.pdf,
SDD-6049,TVS Damper,MA005 - TVS Damper Installation,300190-Mechanical-Tunnels-Progress Drawings.pdf,
SDD-6050,TVS Damper,MA005 - TVS Damper Installation,300190-Mechanical-Tunnels-Progress Drawings.pdf,
SDD-6051,TVS Damper,MA005 - TVS Damper Installation,300190-Mechanical-Tunnels-Progress Drawings.pdf,
SDD-6052,TVS Damper,MA005 - TVS Damper Installation,300190-Mechanical-Tunnels-Progress Drawings.pdf,
SDD-6053,TVS Damper,MA005 - TVS Damper Installation,300190-Mechanical-Tunnels-Progress Drawings.pdf,
SDD-6054,TVS Damper,MA005 - TVS Damper Installation,300190-Mechanical-Tunnels-Progress Drawings.pdf,
SDD-6055,TVS Damper,MA005 - TVS Damper Installation,300190-Mechanical-Tunnels-Progress Drawings.pdf,
SDD-6056,TVS Damper,MA005 - TVS Damper Installation,300190-Mechanical-Tunnels-Progress Drawings.pdf,
SDD-6057,TVS Damper,MA005 - TVS Damper Installation,300190-Mechanical-Tunnels-Progress Drawings.pdf,
SDD-6058,TVS Damper,MA005 - TVS Damper Installation,300190-Mechanical-Tunnels-Progress Drawings.pdf,
SDD-6059,TVS Damper,MA005 - TVS Damper Installation,300190-Mechanical-Tunnels-Progress Drawings.pdf,
SDD-6060,TVS Damper,MA005 - TVS Damper Installation,300190-Mechanical-Tunnels-Progress Drawings.pdf,
SDD-6061,TVS Damper,MA005 - TVS Damper Installation,300190-Mechanical-Tunnels-Progress Drawings.pdf,
SDD-6062,TVS Damper,MA005 - TVS Damper Installation,300190-Mechanical-Tunnels-Progress Drawings.pdf,
SDD-6063,TVS Damper,MA005 - TVS Damper Installation,300190-Mechanical-Tunnels-Progress Drawings.pdf,
SDD-6064,TVS Damper,MA005 - TVS Damper Installation,300190-Mechanical-Tunnels-Progress Drawings.pdf,
SDD-6065,TVS Damper,MA005 - TVS Damper Installation,300190-Mechanical-Tunnels-Progress Drawings.pdf,
SDD-6066,TVS Damper,MA005 - TVS Damper Installation,300190-Mechanical-Tunnels-Progress Drawings.pdf,
SDD-6067,TVS Damper,MA005 - TVS Damper Installation,300190-Mechanical-Tunnels-Progress Drawings.pdf,
SDD-6068,TVS Damper,MA005 - TVS Damper Installation,300190-Mechanical-Tunnels-Progress Drawings.pdf,
SDD-6069,TVS Damper,MA005 - TVS Damper Installation,300190-Mechanical-Tunnels-Progress Drawings.pdf,
SDD-6070,TVS Damper,MA005 - TVS Damper Installation,300190-Mechanical-Tunnels-Progress Drawings.pdf,
SDD-6071,TVS Damper,MA005 - TVS Damper Installation,300190-Mechanical-Tunnels-Progress Drawings.pdf,
SDD-6072,TVS Damper,MA005 - TVS Damper Installation,300190-Mechanical-Tunnels-Progress Drawings.pdf,
SDD-6073,TVS Damper,MA005 - TVS Damper Installation,300190-Mechanical-Tunnels-Progress Drawings.pdf,
SDD-6074,TVS Damper,MA005 - TVS Damper Installation,300190-Mechanical-Tunnels-Progress Drawings.pdf,
SDD-6075,TVS Damper,MA005 - TVS Damper Installation,300190-Mechanical-Tunnels-Progress Drawings.pdf,
SDD-6076,TVS Damper,MA005 - TVS Damper Installation,300190-Mechanical-Tunnels-Progress Drawings.pdf,
SDD-6077,TVS Damper,MA005 - TVS Damper Installation,300190-Mechanical-Tunnels-Progress Drawings.pdf,
SDD-6078,TVS Damper,MA005 - TVS Damper Installation,300190-Mechanical-Tunnels-Progress Drawings.pdf,
SDD-6079,TVS Damper,MA005 - TVS Damper Installation,300190-Mechanical-Tunnels-Progress Drawings.pdf,
SDD-6080,TVS Damper,MA005 - TVS Damper Installation,300190-Mechanical-Tunnels-Progress Drawings.pdf,
SDD-6081,TVS Damper,MA005 - TVS Damper Installation,300190-Mechanical-Tunnels-Progress Drawings.pdf,
SDD-6082,TVS Damper,MA005 - TVS Damper Installation,300190-Mechanical-Tunnels-Progress Drawings.pdf,
SDD-6083,TVS Damper,MA005 - TVS Damper Installation,300190-Mechanical-Tunnels-Progress Drawings.pdf,
SDD-6084,TVS Damper,MA005 - TVS Damper Installation,300190-Mechanical-Tunnels-Progress Drawings.pdf,
SDD-6085,TVS Damper,MA005 - TVS Damper Installation,300190-Mechanical-Tunnels-Progress Drawings.pdf,
SDD-6086,TVS Damper,MA005 - TVS Damper Installation,300190-Mechanical-Tunnels-Progress Drawings.pdf,
SDD-6087,TVS Damper,MA005 - TVS Damper Installation,300190-Mechanical-Tunnels-Progress Drawings.pdf,
SDD-6088,TVS Damper,MA005 - TVS Damper Installation,300190-Mechanical-Tunnels-Progress Drawings.pdf,
SDD-6089,TVS Damper,MA005 - TVS Damper Installation,300190-Mechanical-Tunnels-Progress Drawings.pdf,
SDD-6090,TVS Damper,MA005 - TVS Damper Installation,300190-Mechanical-Tunnels-Progress Drawings.pdf,
SDD-6091,TVS Damper,MA005 - TVS Damper Installation,300190-Mechanical-Tunnels-Progress Drawings.pdf,
SDD-6092,TVS Damper,MA005 - TVS Damper Installation,300190-Mechanical-Tunnels-Progress Drawings.pdf,
SDD-6093,TVS Damper,MA005 - TVS Damper Installation,300190-Mechanical-Tunnels-Progress Drawings.pdf,
SDD-6094,TVS Damper,MA005 - TVS Damper Installation,300190-Mechanical-Tunnels-Progress Drawings.pdf,
SDD-6095,TVS Damper,MA005 - TVS Damper Installation,300190-Mechanical-Tunnels-Progress Drawings.pdf,
SDD-6096,TVS Damper,MA005 - TVS Damper Installation,300190-Mechanical-Tunnels-Progress Drawings.pdf,
SDD-6097,TVS Damper,MA005 - TVS Damper Installation,300190-Mechanical-Tunnels-Progress Drawings.pdf,
SDD-6098,TVS Damper,MA005 - TVS Damper Installation,300190-Mechanical-Tunnels-Progress Drawings.pdf,
SDD-6099,TVS Damper,MA005 - TVS Damper Installation,300190-Mechanical-Tunnels-Progress Drawings.pdf,
SDD-6100,TVS Damper,MA005 - TVS Damper Installation,300190-Mechanical-Tunnels-Progress Drawings.pdf,
SDD-6101,TVS Damper,MA005 - TVS Damper Installation,300190-Mechanical-Tunnels-Progress Drawings.pdf,
SDD-6102,TVS Damper,MA005 - TVS Damper Installation,300190-Mechanical-Tunnels-Progress Drawings.pdf,
SDD-6103,TVS Damper,MA005 - TVS Damper Installation,300190-Mechanical-Tunnels-Progress Drawings.pdf,
SDD-6104,TVS Damper,MA005 - TVS Damper Installation,300190-Mechanical-Tunnels-Progress Drawings.pdf,
SDD-6105,TVS Damper,MA005 - TVS Damper Installation,300190-Mechanical-Tunnels-Progress Drawings.pdf,
SDD-6106,TVS Damper,MA005 - TVS Damper Installation,300190-Mechanical-Tunnels-Progress Drawings.pdf,
SDD-6107,TVS Damper,MA005 - TVS Damper Installation,300190-Mechanical-Tunnels-Progress Drawings.pdf,
SDD-6108,TVS Damper,MA005 - TVS Damper Installation,300190-Mechanical-Tunnels-Progress Drawings.pdf,
SDD-6109,TVS Damper,MA005 - TVS Damper Installation,300190-Mechanical-Tunnels-Progress Drawings.pdf,
SDD-6110,TVS Damper,MA005 - TVS Damper Installation,300190-Mechanical-Tunnels-Progress Drawings.pdf,
SDD-6111,TVS Damper,MA005 - TVS Damper Installation,300190-Mechanical-Tunnels-Progress Drawings.pdf,
SDD-6112,TVS Damper,MA005 - TVS Damper Installation,300190-Mechanical-Tunnels-Progress Drawings.pdf,
SDD-6113,TVS Damper,MA005 - TVS Damper Installation,300190-Mechanical-Tunnels-Progress Drawings.pdf,
SDD-6114,TVS Damper,MA005 - TVS Damper Installation,300190-Mechanical-Tunnels-Progress Drawings.pdf,
SDD-6115,TVS Damper,MA005 - TVS Damper Installation,300190-Mechanical-Tunnels-Progress Drawings.pdf,
SDD-6116,TVS Damper,MA005 - TVS Damper Installation,300190-Mechanical-Tunnels-Progress Drawings.pdf,
SDD-6117,TVS Damper,MA005 - TVS Damper Installation,300190-Mechanical-Tunnels-Progress Drawings.pdf,
SDD-6118,TVS Damper,MA005 - TVS Damper Installation,300190-Mechanical-Tunnels-Progress Drawings.pdf,
SDD-6119,TVS Damper,MA005 - TVS Damper Installation,300190-Mechanical-Tunnels-Progress Drawings.pdf,
SDD-6120,TVS Damper,MA005 - TVS Damper Installation,300190-Mechanical-Tunnels-Progress Drawings.pdf,
SDD-6121,TVS Damper,MA005 - TVS Damper Installation,300190-Mechanical-Tunnels-Progress Drawings.pdf,
SDD-6122,TVS Damper,MA005 - TVS Damper Installation,300190-Mechanical-Tunnels-Progress Drawings.pdf,
SDD-6123,TVS Damper,MA005 - TVS Damper Installation,300190-Mechanical-Tunnels-Progress Drawings.pdf,
SDD-6124,TVS Damper,MA005 - TVS Damper Installation,300190-Mechanical-Tunnels-Progress Drawings.pdf,
SDD-6125,TVS Damper,MA005 - TVS Damper Installation,300190-Mechanical-Tunnels-Progress Drawings.pdf,
SDD-6126,TVS Damper,MA005 - TVS Damper Installation,300190-Mechanical-Tunnels-Progress Drawings.pdf,
SDD-6127,TVS Damper,MA005 - TVS Damper Installation,300190-Mechanical-Tunnels-Progress Drawings.pdf,
SDD-6128,TVS Damper,MA005 - TVS Damper Installation,300190-Mechanical-Tunnels-Progress Drawings.pdf,
SDD-6129,TVS Damper,MA005 - TVS Damper Installation,300190-Mechanical-Tunnels-Progress Drawings.pdf,
SDD-6130,TVS Damper,MA005 - TVS Damper Installation,300190-Mechanical-Tunnels-Progress Drawings.pdf,
SDD-6131,TVS Damper,MA005 - TVS Damper Installation,300190-Mechanical-Tunnels-Progress Drawings.pdf,
SDD-6132,TVS Damper,MA005 - TVS Damper Installation,300190-Mechanical-Tunnels-Progress Drawings.pdf,
SDD-6133,TVS Damper,MA005 - TVS Damper Installation,300190-Mechanical-Tunnels-Progress Drawings.pdf,
SDD-6134,TVS Damper,MA005 - TVS Damper Installation,300190-Mechanical-Tunnels-Progress Drawings.pdf,
SDD-6135,TVS Damper,MA005 - TVS Damper Installation,300190-Mechanical-Tunnels-Progress Drawings.pdf,
SDD-6136,TVS Damper,MA005 - TVS Damper Installation,300190-Mechanical-Tunnels-Progress Drawings.pdf,
SDD-6137,TVS Damper,MA005 - TVS Damper Installation,300190-Mechanical-Tunnels-Progress Drawings.pdf,
SDD-6138,TVS Damper,MA005 - TVS Damper Installation,300190-Mechanical-Tunnels-Progress Drawings.pdf,
SDD-6139,TVS Damper,MA005 - TVS Damper Installation,300190-Mechanical-Tunnels-Progress Drawings.pdf,
SDD-6140,TVS Damper,MA005 - TVS Damper Installation,300190-Mechanical-Tunnels-Progress Drawings.pdf,
SDD-6141,TVS Damper,MA005 - TVS Damper Installation,300190-Mechanical-Tunnels-Progress Drawings.pdf,
SDD-6142,TVS Damper,MA005 - TVS Damper Installation,300190-Mechanical-Tunnels-Progress Drawings.pdf,
SDD-6143,TVS Damper,MA005 - TVS Damper Installation,300190-Mechanical-Tunnels-Progress Drawings.pdf,
SDD-6144,TVS Damper,MA005 - TVS Damper Installation,300190-Mechanical-Tunnels-Progress Drawings.pdf,
SDD-6145,TVS Damper,MA005 - TVS Damper Installation,300190-Mechanical-Tunnels-Progress Drawings.pdf,
SDD-6146,TVS Damper,MA005 - TVS Damper Installation,300190-Mechanical-Tunnels-Progress Drawings.pdf,
SDD-6147,TVS Damper,MA005 - TVS Damper Installation,300190-Mechanical-Tunnels-Progress Drawings.pdf,
SDD-6148,TVS Damper,MA005 - TVS Damper Installation,300190-Mechanical-Tunnels-Progress Drawings.pdf,
SDD-6149,TVS Damper,MA005 - TVS Damper Installation,300190-Mechanical-Tunnels-Progress Drawings.pdf,
SDD-6150,TVS Damper,MA005 - TVS Damper Installation,300190-Mechanical-Tunnels-Progress Drawings.pdf,
SDD-6151,TVS Damper,MA005 - TVS Damper Installation,300190-Mechanical-Tunnels-Progress Drawings.pdf,
SDD-6152,TVS Damper,MA005 - TVS Damper Installation,300190-Mechanical-Tunnels-Progress Drawings.pdf,
SDD-6153,TVS Damper,MA005 - TVS Damper Installation,300190-Mechanical-Tunnels-Progress Drawings.pdf,
SDD-6154,TVS Damper,MA005 - TVS Damper Installation,300190-Mechanical-Tunnels-Progress Drawings.pdf,
SDD-6155,TVS Damper,MA005 - TVS Damper Installation,300190-Mechanical-Tunnels-Progress Drawings.pdf,
SDD-6156,TVS Damper,MA005 - TVS Damper Installation,300190-Mechanical-Tunnels-Progress Drawings.pdf,
SDD-6157,TVS Damper,MA005 - TVS Damper Installation,300190-Mechanical-Tunnels-Progress Drawings.pdf,
SDD-6158,TVS Damper,MA005 - TVS Damper Installation,300190-Mechanical-Tunnels-Progress Drawings.pdf,
SDD-6159,TVS Damper,MA005 - TVS Damper Installation,300190-Mechanical-Tunnels-Progress Drawings.pdf,
SDD-6160,TVS Damper,MA005 - TVS Damper Installation,300190-Mechanical-Tunnels-Progress Drawings.pdf,
SDD-6161,TVS Damper,MA005 - TVS Damper Installation,300190-Mechanical-Tunnels-Progress Drawings.pdf,
SDD-6162,TVS Damper,MA005 - TVS Damper Installation,300190-Mechanical-Tunnels-Progress Drawings.pdf,
SDD-6163,TVS Damper,MA005 - TVS Damper Installation,300190-Mechanical-Tunnels-Progress Drawings.pdf,
SDD-6164,TVS Damper,MA005 - TVS Damper Installation,300190-Mechanical-Tunnels-Progress Drawings.pdf,
SDD-6165,TVS Damper,MA005 - TVS Damper Installation,300190-Mechanical-Tunnels-Progress Drawings.pdf,
SDD-6166,TVS Damper,MA005 - TVS Damper Installation,300190-Mechanical-Tunnels-Progress Drawings.pdf,
SDD-6167,TVS Damper,MA005 - TVS Damper Installation,300190-Mechanical-Tunnels-Progress Drawings.pdf,
SDD-6168,TVS Damper,MA005 - TVS Damper Installation,300190-Mechanical-Tunnels-Progress Drawings.pdf,
SDD-6169,TVS Damper,MA005 - TVS Damper Installation,300190-Mechanical-Tunnels-Progress Drawings.pdf,
SDD-6170,TVS Damper,MA005 - TVS Damper Installation,300190-Mechanical-Tunnels-Progress Drawings.pdf,
SDD-6171,TVS Damper,MA005 - TVS Damper Installation,300190-Mechanical-Tunnels-Progress Drawings.pdf,
SDD-6172,TVS Damper,MA005 - TVS Damper Installation,300190-Mechanical-Tunnels-Progress Drawings.pdf,
SDD-6173,TVS Damper,MA005 - TVS Damper Installation,300190-Mechanical-Tunnels-Progress Drawings.pdf,
SDD-6174,TVS Damper,MA005 - TVS Damper Installation,300190-Mechanical-Tunnels-Progress Drawings.pdf,
SDD-6175,TVS Damper,MA005 - TVS Damper Installation,300190-Mechanical-Tunnels-Progress Drawings.pdf,
SDD-6176,TVS Damper,MA005 - TVS Damper Installation,300190-Mechanical-Tunnels-Progress Drawings.pdf,
SDD-6177,TVS Damper,MA005 - TVS Damper Installation,300190-Mechanical-Tunnels-Progress Drawings.pdf,
SDD-6178,TVS Damper,MA005 - TVS Damper Installation,300190-Mechanical-Tunnels-Progress Drawings.pdf,
SDD-6179,TVS Damper,MA005 - TVS Damper Installation,300190-Mechanical-Tunnels-Progress Drawings.pdf,
SDD-6180,TVS Damper,MA005 - TVS Damper Installation,300190-Mechanical-Tunnels-Progress Drawings.pdf,
SDD-6181,TVS Damper,MA005 - TVS Damper Installation,300190-Mechanical-Tunnels-Progress Drawings.pdf,
SDD-6182,TVS Damper,MA005 - TVS Damper Installation,300190-Mechanical-Tunnels-Progress Drawings.pdf,
SDD-6183,TVS Damper,MA005 - TVS Damper Installation,300190-Mechanical-Tunnels-Progress Drawings.pdf,
SDD-6184,TVS Damper,MA005 - TVS Damper Installation,300190-Mechanical-Tunnels-Progress Drawings.pdf,
SDD-6185,TVS Damper,MA005 - TVS Damper Installation,300190-Mechanical-Tunnels-Progress Drawings.pdf,
SDD-6186,TVS Damper,MA005 - TVS Damper Installation,300190-Mechanical-Tunnels-Progress Drawings.pdf,
SDD-6187,TVS Damper,MA005 - TVS Damper Installation,300190-Mechanical-Tunnels-Progress Drawings.pdf,
SDD-6188,TVS Damper,MA005 - TVS Damper Installation,300190-Mechanical-Tunnels-Progress Drawings.pdf,
SDD-6189,TVS Damper,MA005 - TVS Damper Installation,300190-Mechanical-Tunnels-Progress Drawings.pdf,
SDD-6190,TVS Damper,MA005 - TVS Damper Installation,300190-Mechanical-Tunnels-Progress Drawings.pdf,
SDD-6191,TVS Damper,MA005 - TVS Damper Installation,300190-Mechanical-Tunnels-Progress Drawings.pdf,
SDD-6192,TVS Damper,MA005 - TVS Damper Installation,300190-Mechanical-Tunnels-Progress Drawings.pdf,
SDD-6193,TVS Damper,MA005 - TVS Damper Installation,300190-Mechanical-Tunnels-Progress Drawings.pdf,
SDD-6194,TVS Damper,MA005 - TVS Damper Installation,300190-Mechanical-Tunnels-Progress Drawings.pdf,
SDD-6195,TVS Damper,MA005 - TVS Damper Installation,300190-Mechanical-Tunnels-Progress Drawings.pdf,
SDD-6196,TVS Damper,MA005 - TVS Damper Installation,300190-Mechanical-Tunnels-Progress Drawings.pdf,
SDD-6197,TVS Damper,MA005 - TVS Damper Installation,300190-Mechanical-Tunnels-Progress Drawings.pdf,
SDD-6198,TVS Damper,MA005 - TVS Damper Installation,300190-Mechanical-Tunnels-Progress Drawings.pdf,
SDD-6199,TVS Damper,MA005 - TVS Damper Installation,300190-Mechanical-Tunnels-Progress Drawings.pdf,
SDD-6200,TVS Damper,MA005 - TVS Damper Installation,300190-Mechanical-Tunnels-Progress Drawings.pdf,
SDD-6201,TVS Damper,MA005 - TVS Damper Installation,300190-Mechanical-Tunnels-Progress Drawings.pdf,
SDD-6202,TVS Damper,MA005 - TVS Damper Installation,300190-Mechanical-Tunnels-Progress Drawings.pdf,
SDD-6203,TVS Damper,MA005 - TVS Damper Installation,300190-Mechanical-Tunnels-Progress Drawings.pdf,
SDD-6204,TVS Damper,MA005 - TVS Damper Installation,300190-Mechanical-Tunnels-Progress Drawings.pdf,
SDD-6205,TVS Damper,MA005 - TVS Damper Installation,300190-Mechanical-Tunnels-Progress Drawings.pdf,
SDD-6206,TVS Damper,MA005 - TVS Damper Installation,300190-Mechanical-Tunnels-Progress Drawings.pdf,
SDD-6207,TVS Damper,MA005 - TVS Damper Installation,300190-Mechanical-Tunnels-Progress Drawings.pdf,
SDD-6208,TVS Damper,MA005 - TVS Damper Installation,300190-Mechanical-Tunnels-Progress Drawings.pdf,
SDD-6209,TVS Damper,MA005 - TVS Damper Installation,300190-Mechanical-Tunnels-Progress Drawings.pdf,
SDD-6210,TVS Damper,MA005 - TVS Damper Installation,300190-Mechanical-Tunnels-Progress Drawings.pdf,
SDD-6211,TVS Damper,MA005 - TVS Damper Installation,300190-Mechanical-Tunnels-Progress Drawings.pdf,
SDD-6212,TVS Damper,MA005 - TVS Damper Installation,300190-Mechanical-Tunnels-Progress Drawings.pdf,
SDD-6213,TVS Damper,MA005 - TVS Damper Installation,300190-Mechanical-Tunnels-Progress Drawings.pdf,
SDD-6214,TVS Damper,MA005 - TVS Damper Installation,300190-Mechanical-Tunnels-Progress Drawings.pdf,
SDD-6215,TVS Damper,MA005 - TVS Damper Installation,300190-Mechanical-Tunnels-Progress Drawings.pdf,
SDD-6216,TVS Damper,MA005 - TVS Damper Installation,300190-Mechanical-Tunnels-Progress Drawings.pdf,
SDD-6217,TVS Damper,MA005 - TVS Damper Installation,300190-Mechanical-Tunnels-Progress Drawings.pdf,
SDD-6218,TVS Damper,MA005 - TVS Damper Installation,300190-Mechanical-Tunnels-Progress Drawings.pdf,
SDD-6219,TVS Damper,MA005 - TVS Damper Installation,300190-Mechanical-Tunnels-Progress Drawings.pdf,
SDD-6220,TVS Damper,MA005 - TVS Damper Installation,300190-Mechanical-Tunnels-Progress Drawings.pdf,
SDD-6221,TVS Damper,MA005 - TVS Damper Installation,300190-Mechanical-Tunnels-Progress Drawings.pdf,
SDD-6222,TVS Damper,MA005 - TVS Damper Installation,300190-Mechanical-Tunnels-Progress Drawings.pdf,
SDD-6223,TVS Damper,MA005 - TVS Damper Installation,300190-Mechanical-Tunnels-Progress Drawings.pdf,
SDD-6224,TVS Damper,MA005 - TVS Damper Installation,300190-Mechanical-Tunnels-Progress Drawings.pdf,
SDD-6225,TVS Damper,MA005 - TVS Damper Installation,300190-Mechanical-Tunnels-Progress Drawings.pdf,
SDD-6226,TVS Damper,MA005 - TVS Damper Installation,300190-Mechanical-Tunnels-Progress Drawings.pdf,
SDD-6227,TVS Damper,MA005 - TVS Damper Installation,300190-Mechanical-Tunnels-Progress Drawings.pdf,
SDD-6228,TVS Damper,MA005 - TVS Damper Installation,300190-Mechanical-Tunnels-Progress Drawings.pdf,
SDD-6229,TVS Damper,MA005 - TVS Damper Installation,300190-Mechanical-Tunnels-Progress Drawings.pdf,
SDD-6230,TVS Damper,MA005 - TVS Damper Installation,300190-Mechanical-Tunnels-Progress Drawings.pdf,
SDD-6231,TVS Damper,MA005 - TVS Damper Installation,300190-Mechanical-Tunnels-Progress Drawings.pdf,
SDD-6232,TVS Damper,MA005 - TVS Damper Installation,300190-Mechanical-Tunnels-Progress Drawings.pdf,
SDD-6233,TVS Damper,MA005 - TVS Damper Installation,300190-Mechanical-Tunnels-Progress Drawings.pdf,
SDD-6234,TVS Damper,MA005 - TVS Damper Installation,300190-Mechanical-Tunnels-Progress Drawings.pdf,
SDD-6235,TVS Damper,MA005 - TVS Damper Installation,300190-Mechanical-Tunnels-Progress Drawings.pdf,
SDD-6236,TVS Damper,MA005 - TVS Damper Installation,300190-Mechanical-Tunnels-Progress Drawings.pdf,
SDD-6237,TVS Damper,MA005 - TVS Damper Installation,300190-Mechanical-Tunnels-Progress Drawings.pdf,
SDD-6238,TVS Damper,MA005 - TVS Damper Installation,300190-Mechanical-Tunnels-Progress Drawings.pdf,
SDD-6239,TVS Damper,MA005 - TVS Damper Installation,300190-Mechanical-Tunnels-Progress Drawings.pdf,
SDD-6240,TVS Damper,MA005 - TVS Damper Installation,300190-Mechanical-Tunnels-Progress Drawings.pdf,
SDD-6241,TVS Damper,MA005 - TVS Damper Installation,300190-Mechanical-Tunnels-Progress Drawings.pdf,
SDD-6242,TVS Damper,MA005 - TVS Damper Installation,300190-Mechanical-Tunnels-Progress Drawings.pdf,
SDD-6243,TVS Damper,MA005 - TVS Damper Installation,300190-Mechanical-Tunnels-Progress Drawings.pdf,
SDD-6244,TVS Damper,MA005 - TVS Damper Installation,300190-Mechanical-Tunnels-Progress Drawings.pdf,
SDD-6245,TVS Damper,MA005 - TVS Damper Installation,300190-Mechanical-Tunnels-Progress Drawings.pdf,
SDD-6246,TVS Damper,MA005 - TVS Damper Installation,300190-Mechanical-Tunnels-Progress Drawings.pdf,
SDD-6247,TVS Damper,MA005 - TVS Damper Installation,300190-Mechanical-Tunnels-Progress Drawings.pdf,
SDD-6248,TVS Damper,MA005 - TVS Damper Installation,300190-Mechanical-Tunnels-Progress Drawings.pdf,
SDD-6249,TVS Damper,MA005 - TVS Damper Installation,300190-Mechanical-Tunnels-Progress Drawings.pdf,
SDD-6250,TVS Damper,MA005 - TVS Damper Installation,300190-Mechanical-Tunnels-Progress Drawings.pdf,
SDD-6251,TVS Damper,MA005 - TVS Damper Installation,300190-Mechanical-Tunnels-Progress Drawings.pdf,
SDD-6252,TVS Damper,MA005 - TVS Damper Installation,300190-Mechanical-Tunnels-Progress Drawings.pdf,
SDD-6253,TVS Damper,MA005 - TVS Damper Installation,300190-Mechanical-Tunnels-Progress Drawings.pdf,
SDD-6254,TVS Damper,MA005 - TVS Damper Installation,300190-Mechanical-Tunnels-Progress Drawings.pdf,
SDD-6255,TVS Damper,MA005 - TVS Damper Installation,300190-Mechanical-Tunnels-Progress Drawings.pdf,
SDD-6256,TVS Damper,MA005 - TVS Damper Installation,300190-Mechanical-Tunnels-Progress Drawings.pdf,
SDD-6257,TVS Damper,MA005 - TVS Damper Installation,300190-Mechanical-Tunnels-Progress Drawings.pdf,
SDD-6258,TVS Damper,MA005 - TVS Damper Installation,300190-Mechanical-Tunnels-Progress Drawings.pdf,
SDD-6259,TVS Damper,MA005 - TVS Damper Installation,300190-Mechanical-Tunnels-Progress Drawings.pdf,
SDD-6260,TVS Damper,MA005 - TVS Damper Installation,300190-Mechanical-Tunnels-Progress Drawings.pdf,
SDD-6261,TVS Damper,MA005 - TVS Damper Installation,300190-Mechanical-Tunnels-Progress Drawings.pdf,
SDD-6262,TVS Damper,MA005 - TVS Damper Installation,300190-Mechanical-Tunnels-Progress Drawings.pdf,
SDD-6263,TVS Damper,MA005 - TVS Damper Installation,300190-Mechanical-Tunnels-Progress Drawings.pdf,
SDD-6264,TVS Damper,MA005 - TVS Damper Installation,300190-Mechanical-Tunnels-Progress Drawings.pdf,
SDD-6265,TVS Damper,MA005 - TVS Damper Installation,300190-Mechanical-Tunnels-Progress Drawings.pdf,
SDD-6266,TVS Damper,MA005 - TVS Damper Installation,300190-Mechanical-Tunnels-Progress Drawings.pdf,
SDD-6267,TVS Damper,MA005 - TVS Damper Installation,300190-Mechanical-Tunnels-Progress Drawings.pdf,
SDD-6268,TVS Damper,MA005 - TVS Damper Installation,300190-Mechanical-Tunnels-Progress Drawings.pdf,
SDD-6269,TVS Damper,MA005 - TVS Damper Installation,300190-Mechanical-Tunnels-Progress Drawings.pdf,
SDD-6270,TVS Damper,MA005 - TVS Damper Installation,300190-Mechanical-Tunnels-Progress Drawings.pdf,
SDD-6271,TVS Damper,MA005 - TVS Damper Installation,300190-Mechanical-Tunnels-Progress Drawings.pdf,
SDD-6272,TVS Damper,MA005 - TVS Damper Installation,300190-Mechanical-Tunnels-Progress Drawings.pdf,
SDD-6273,TVS Damper,MA005 - TVS Damper Installation,300190-Mechanical-Tunnels-Progress Drawings.pdf,
SDD-6274,TVS Damper,MA005 - TVS Damper Installation,300190-Mechanical-Tunnels-Progress Drawings.pdf,
SDD-6275,TVS Damper,MA005 - TVS Damper Installation,300190-Mechanical-Tunnels-Progress Drawings.pdf,
SDD-6276,TVS Damper,MA005 - TVS Damper Installation,300190-Mechanical-Tunnels-Progress Drawings.pdf,
SDD-6277,TVS Damper,MA005 - TVS Damper Installation,300190-Mechanical-Tunnels-Progress Drawings.pdf,
SDD-6278,TVS Damper,MA005 - TVS Damper Installation,300190-Mechanical-Tunnels-Progress Drawings.pdf,
SDD-6279,TVS Damper,MA005 - TVS Damper Installation,300190-Mechanical-Tunnels-Progress Drawings.pdf,
SDD-6280,TVS Damper,MA005 - TVS Damper Installation,300190-Mechanical-Tunnels-Progress Drawings.pdf,
SDD-6281,TVS Damper,MA005 - TVS Damper Installation,300190-Mechanical-Tunnels-Progress Drawings.pdf,
SDD-6282,TVS Damper,MA005 - TVS Damper Installation,300190-Mechanical-Tunnels-Progress Drawings.pdf,
SDD-6283,TVS Damper,MA005 - TVS Damper Installation,300190-Mechanical-Tunnels-Progress Drawings.pdf,
SDD-6284,TVS Damper,MA005 - TVS Damper Installation,300190-Mechanical-Tunnels-Progress Drawings.pdf,
SDD-6285,TVS Damper,MA005 - TVS Damper Installation,300190-Mechanical-Tunnels-Progress Drawings.pdf,
SDD-6286,TVS Damper,MA005 - TVS Damper Installation,300190-Mechanical-Tunnels-Progress Drawings.pdf,
SDD-6287,TVS Damper,MA005 - TVS Damper Installation,300190-Mechanical-Tunnels-Progress Drawings.pdf,
SDD-6288,TVS Damper,MA005 - TVS Damper Installation,300190-Mechanical-Tunnels-Progress Drawings.pdf,
SDD-6289,TVS Damper,MA005 - TVS Damper Installation,300190-Mechanical-Tunnels-Progress Drawings.pdf,
SDD-6290,TVS Damper,MA005 - TVS Damper Installation,300190-Mechanical-Tunnels-Progress Drawings.pdf,
SDD-6291,TVS Damper,MA005 - TVS Damper Installation,300190-Mechanical-Tunnels-Progress Drawings.pdf,
SDD-6292,TVS Damper,MA005 - TVS Damper Installation,300190-Mechanical-Tunnels-Progress Drawings.pdf,
SDD-6293,TVS Damper,MA005 - TVS Damper Installation,300190-Mechanical-Tunnels-Progress Drawings.pdf,
SDD-6294,TVS Damper,MA005 - TVS Damper Installation,300190-Mechanical-Tunnels-Progress Drawings.pdf,
SDD-6295,TVS Damper,MA005 - TVS Damper Installation,300190-Mechanical-Tunnels-Progress Drawings.pdf,
SDD-6296,TVS Damper,MA005 - TVS Damper Installation,300190-Mechanical-Tunnels-Progress Drawings.pdf,
SDD-6297,TVS Damper,MA005 - TVS Damper Installation,300190-Mechanical-Tunnels-Progress Drawings.pdf,
SDD-6298,TVS Damper,MA005 - TVS Damper Installation,300190-Mechanical-Tunnels-Progress Drawings.pdf,
SDD-6299,TVS Damper,MA005 - TVS Damper Installation,300190-Mechanical-Tunnels-Progress Drawings.pdf,
SDD-6300,TVS Damper,MA005 - TVS Damper Installation,300190-Mechanical-Tunnels-Progress Drawings.pdf,
SDD-6301,TVS Damper,MA005 - TVS Damper Installation,300190-Mechanical-Tunnels-Progress Drawings.pdf,
SDD-6302,TVS Damper,MA005 - TVS Damper Installation,300190-Mechanical-Tunnels-Progress Drawings.pdf,
SDD-6303,TVS Damper,MA005 - TVS Damper Installation,300190-Mechanical-Tunnels-Progress Drawings.pdf,
SDD-6304,TVS Damper,MA005 - TVS Damper Installation,300190-Mechanical-Tunnels-Progress Drawings.pdf,
SDD-6305,TVS Damper,MA005 - TVS Damper Installation,300190-Mechanical-Tunnels-Progress Drawings.pdf,
SDD-6306,TVS Damper,MA005 - TVS Damper Installation,300190-Mechanical-Tunnels-Progress Drawings.pdf,
SDD-6307,TVS Damper,MA005 - TVS Damper Installation,300190-Mechanical-Tunnels-Progress Drawings.pdf,
SDD-6308,TVS Damper,MA005 - TVS Damper Installation,300190-Mechanical-Tunnels-Progress Drawings.pdf,
SDD-6309,TVS Damper,MA005 - TVS Damper Installation,300190-Mechanical-Tunnels-Progress Drawings.pdf,
SDD-6310,TVS Damper,MA005 - TVS Damper Installation,300190-Mechanical-Tunnels-Progress Drawings.pdf,
SDD-6311,TVS Damper,MA005 - TVS Damper Installation,300190-Mechanical-Tunnels-Progress Drawings.pdf,
SDD-6312,TVS Damper,MA005 - TVS Damper Installation,300190-Mechanical-Tunnels-Progress Drawings.pdf,
SDD-6313,TVS Damper,MA005 - TVS Damper Installation,300190-Mechanical-Tunnels-Progress Drawings.pdf,
SDD-6314,TVS Damper,MA005 - TVS Damper Installation,300190-Mechanical-Tunnels-Progress Drawings.pdf,
SDD-6315,TVS Damper,MA005 - TVS Damper Installation,300190-Mechanical-Tunnels-Progress Drawings.pdf,
SDD-6316,TVS Damper,MA005 - TVS Damper Installation,300190-Mechanical-Tunnels-Progress Drawings.pdf,
SDD-6317,TVS Damper,MA005 - TVS Damper Installation,300190-Mechanical-Tunnels-Progress Drawings.pdf,
SDD-6318,TVS Damper,MA005 - TVS Damper Installation,300190-Mechanical-Tunnels-Progress Drawings.pdf,
SDD-6319,TVS Damper,MA005 - TVS Damper Installation,300190-Mechanical-Tunnels-Progress Drawings.pdf,
SDD-6320,TVS Damper,MA005 - TVS Damper Installation,300190-Mechanical-Tunnels-Progress Drawings.pdf,
SDD-6321,TVS Damper,MA005 - TVS Damper Installation,300190-Mechanical-Tunnels-Progress Drawings.pdf,
SDD-6322,TVS Damper,MA005 - TVS Damper Installation,300190-Mechanical-Tunnels-Progress Drawings.pdf,
SDD-6323,TVS Damper,MA005 - TVS Damper Installation,300190-Mechanical-Tunnels-Progress Drawings.pdf,
SDD-6324,TVS Damper,MA005 - TVS Damper Installation,300190-Mechanical-Tunnels-Progress Drawings.pdf,
SDD-6325,TVS Damper,MA005 - TVS Damper Installation,300190-Mechanical-Tunnels-Progress Drawings.pdf,
SDD-6326,TVS Damper,MA005 - TVS Damper Installation,300190-Mechanical-Tunnels-Progress Drawings.pdf,
SDD-6327,TVS Damper,MA005 - TVS Damper Installation,300190-Mechanical-Tunnels-Progress Drawings.pdf,
SDD-6328,TVS Damper,MA005 - TVS Damper Installation,300190-Mechanical-Tunnels-Progress Drawings.pdf,
SDD-6329,TVS Damper,MA005 - TVS Damper Installation,300190-Mechanical-Tunnels-Progress Drawings.pdf,
SDD-6330,TVS Damper,MA005 - TVS Damper Installation,300190-Mechanical-Tunnels-Progress Drawings.pdf,
SDD-6331,TVS Damper,MA005 - TVS Damper Installation,300190-Mechanical-Tunnels-Progress Drawings.pdf,
SDD-6332,TVS Damper,MA005 - TVS Damper Installation,300190-Mechanical-Tunnels-Progress Drawings.pdf,
SDD-6333,TVS Damper,MA005 - TVS Damper Installation,300190-Mechanical-Tunnels-Progress Drawings.pdf,
SDD-6334,TVS Damper,MA005 - TVS Damper Installation,300190-Mechanical-Tunnels-Progress Drawings.pdf,
SDD-6335,TVS Damper,MA005 - TVS Damper Installation,300190-Mechanical-Tunnels-Progress Drawings.pdf,
SDD-6336,TVS Damper,MA005 - TVS Damper Installation,300190-Mechanical-Tunnels-Progress Drawings.pdf,
SDD-6337,TVS Damper,MA005 - TVS Damper Installation,300190-Mechanical-Tunnels-Progress Drawings.pdf,
SDD-6338,TVS Damper,MA005 - TVS Damper Installation,300190-Mechanical-Tunnels-Progress Drawings.pdf,
SDD-6339,TVS Damper,MA005 - TVS Damper Installation,300190-Mechanical-Tunnels-Progress Drawings.pdf,
SDD-6340,TVS Damper,MA005 - TVS Damper Installation,300190-Mechanical-Tunnels-Progress Drawings.pdf,
SDD-6341,TVS Damper,MA005 - TVS Damper Installation,300190-Mechanical-Tunnels-Progress Drawings.pdf,
SDD-6342,TVS Damper,MA005 - TVS Damper Installation,300190-Mechanical-Tunnels-Progress Drawings.pdf,
SDD-6343,TVS Damper,MA005 - TVS Damper Installation,300190-Mechanical-Tunnels-Progress Drawings.pdf,
SDD-6344,TVS Damper,MA005 - TVS Damper Installation,300190-Mechanical-Tunnels-Progress Drawings.pdf,
SDD-6345,TVS Damper,MA005 - TVS Damper Installation,300190-Mechanical-Tunnels-Progress Drawings.pdf,
SEF-9250,Axial Fan,MA008 - Axial Fan Installation,300190-Mechanical-Tunnels-Progress Drawings.pdf,
SEF-9251,Axial Fan,MA008 - Axial Fan Installation,300190-Mechanical-Tunnels-Progress Drawings.pdf,
SEF-9252,Axial Fan,MA008 - Axial Fan Installation,300190-Mechanical-Tunnels-Progress Drawings.pdf,
SEF-9253,Axial Fan,MA008 - Axial Fan Installation,300190-Mechanical-Tunnels-Progress Drawings.pdf,
SEF-9550,Axial Fan,MA008 - Axial Fan Installation,300190-Mechanical-Tunnels-Progress Drawings.pdf,
SEF-9551,Axial Fan,MA008 - Axial Fan Installation,300190-Mechanical-Tunnels-Progress Drawings.pdf,
SEF-9552,Axial Fan,MA008 - Axial Fan Installation,300190-Mechanical-Tunnels-Progress Drawings.pdf,
SEF-9553,Axial Fan,MA008 - Axial Fan Installation,300190-Mechanical-Tunnels-Progress Drawings.pdf,
SEF-9700,Axial Fan,MA008 - Axial Fan Installation,300190-Mechanical-Tunnels-Progress Drawings.pdf,
SEF-9701,Axial Fan,MA008 - Axial Fan Installation,300190-Mechanical-Tunnels-Progress Drawings.pdf,
SEF-9702,Axial Fan,MA008 - Axial Fan Installation,300190-Mechanical-Tunnels-Progress Drawings.pdf,
SEF-9703,Axial Fan,MA008 - Axial Fan Installation,300190-Mechanical-Tunnels-Progress Drawings.pdf,
SFD-9250,TVS Damper,MA005 - TVS Damper Installation,300190-Mechanical-Tunnels-Progress Drawings.pdf,
SFD-9251,TVS Damper,MA005 - TVS Damper Installation,300190-Mechanical-Tunnels-Progress Drawings.pdf,
SFD-9252,TVS Damper,MA005 - TVS Damper Installation,300190-Mechanical-Tunnels-Progress Drawings.pdf,
SFD-9253,TVS Damper,MA005 - TVS Damper Installation,300190-Mechanical-Tunnels-Progress Drawings.pdf,
SFD-9550,TVS Damper,MA005 - TVS Damper Installation,300190-Mechanical-Tunnels-Progress Drawings.pdf,
SFD-9551,TVS Damper,MA005 - TVS Damper Installation,300190-Mechanical-Tunnels-Progress Drawings.pdf,
SFD-9552,TVS Damper,MA005 - TVS Damper Installation,300190-Mechanical-Tunnels-Progress Drawings.pdf,
SFD-9553,TVS Damper,MA005 - TVS Damper Installation,300190-Mechanical-Tunnels-Progress Drawings.pdf,
SFD-9700,TVS Damper,MA005 - TVS Damper Installation,300190-Mechanical-Tunnels-Progress Drawings.pdf,
SFD-9701,TVS Damper,MA005 - TVS Damper Installation,300190-Mechanical-Tunnels-Progress Drawings.pdf,
SFD-9702,TVS Damper,MA005 - TVS Damper Installation,300190-Mechanical-Tunnels-Progress Drawings.pdf,
SFD-9703,TVS Damper,MA005 - TVS Damper Installation,300190-Mechanical-Tunnels-Progress Drawings.pdf,
SID-9401,TVS Damper,MA005 - TVS Damper Installation,300190-Mechanical-Tunnels-Progress Drawings.pdf,
SID-9402,TVS Damper,MA005 - TVS Damper Installation,300190-Mechanical-Tunnels-Progress Drawings.pdf,
SID-9403,TVS Damper,MA005 - TVS Damper Installation,300190-Mechanical-Tunnels-Progress Drawings.pdf,
SID-9550,TVS Damper,MA005 - TVS Damper Installation,300190-Mechanical-Tunnels-Progress Drawings.pdf,
SID-9551,TVS Damper,MA005 - TVS Damper Installation,300190-Mechanical-Tunnels-Progress Drawings.pdf,
SID-9552,TVS Damper,MA005 - TVS Damper Installation,300190-Mechanical-Tunnels-Progress Drawings.pdf,
SID-9553,TVS Damper,MA005 - TVS Damper Installation,300190-Mechanical-Tunnels-Progress Drawings.pdf,
SID-9554,TVS Damper,MA005 - TVS Damper Installation,300190-Mechanical-Tunnels-Progress Drawings.pdf,
SID-9700,TVS Damper,MA005 - TVS Damper Installation,300190-Mechanical-Tunnels-Progress Drawings.pdf,
SID-9701,TVS Damper,MA005 - TVS Damper Installation,300190-Mechanical-Tunnels-Progress Drawings.pdf,
SID-9702,TVS Damper,MA005 - TVS Damper Installation,300190-Mechanical-Tunnels-Progress Drawings.pdf,
SID-9703,TVS Damper,MA005 - TVS Damper Installation,300190-Mechanical-Tunnels-Progress Drawings.pdf,
SMR-0137,Monorail and Supports,MA011 - Monorail and Supports Installation,300190-Mechanical-Tunnels-Progress Drawings.pdf,
SMR-0138,Monorail and Supports,MA011 - Monorail and Supports Installation,300190-Mechanical-Tunnels-Progress Drawings.pdf,
SMR-9100,Monorail and Supports,MA011 - Monorail and Supports Installation,300190-Mechanical-Tunnels-Progress Drawings.pdf,
SMR-9250,Monorail and Supports,MA011 - Monorail and Supports Installation,300190-Mechanical-Tunnels-Progress Drawings.pdf,
SMR-9251,Monorail and Supports,MA011 - Monorail and Supports Installation,300190-Mechanical-Tunnels-Progress Drawings.pdf,
SMR-9252,Monorail and Supports,MA011 - Monorail and Supports Installation,300190-Mechanical-Tunnels-Progress Drawings.pdf,
SMR-9253,Monorail and Supports,MA011 - Monorail and Supports Installation,300190-Mechanical-Tunnels-Progress Drawings.pdf,
SMR-9254,Monorail and Supports,MA011 - Monorail and Supports Installation,300190-Mechanical-Tunnels-Progress Drawings.pdf,
SMR-9255,Monorail and Supports,MA011 - Monorail and Supports Installation,300190-Mechanical-Tunnels-Progress Drawings.pdf,
SMR-9256,Monorail and Supports,MA011 - Monorail and Supports Installation,300190-Mechanical-Tunnels-Progress Drawings.pdf,
SMR-9257,Monorail and Supports,MA011 - Monorail and Supports Installation,300190-Mechanical-Tunnels-Progress Drawings.pdf,
SMR-9401,Monorail and Supports,MA011 - Monorail and Supports Installation,300190-Mechanical-Tunnels-Progress Drawings.pdf,
SMR-9550,Monorail and Supports,MA011 - Monorail and Supports Installation,300190-Mechanical-Tunnels-Progress Drawings.pdf,
SMR-9551,Monorail and Supports,MA011 - Monorail and Supports Installation,300190-Mechanical-Tunnels-Progress Drawings.pdf,
SMR-9552,Monorail and Supports,MA011 - Monorail and Supports Installation,300190-Mechanical-Tunnels-Progress Drawings.pdf,
SMR-9553,Monorail and Supports,MA011 - Monorail and Supports Installation,300190-Mechanical-Tunnels-Progress Drawings.pdf,
SMR-9554,Monorail and Supports,MA011 - Monorail and Supports Installation,300190-Mechanical-Tunnels-Progress Drawings.pdf,
SMR-9555,Monorail and Supports,MA011 - Monorail and Supports Installation,300190-Mechanical-Tunnels-Progress Drawings.pdf,
SMR-9700,Monorail and Supports,MA011 - Monorail and Supports Installation,300190-Mechanical-Tunnels-Progress Drawings.pdf,
SMR-9701,Monorail and Supports,MA011 - Monorail and Supports Installation,300190-Mechanical-Tunnels-Progress Drawings.pdf,
SMR-9702,Monorail and Supports,MA011 - Monorail and Supports Installation,300190-Mechanical-Tunnels-Progress Drawings.pdf,
SMR-9703,Monorail and Supports,MA011 - Monorail and Supports Installation,300190-Mechanical-Tunnels-Progress Drawings.pdf,
SMR-9704,Monorail and Supports,MA011 - Monorail and Supports Installation,300190-Mechanical-Tunnels-Progress Drawings.pdf,
SMR-9705,Monorail and Supports,MA011 - Monorail and Supports Installation,300190-Mechanical-Tunnels-Progress Drawings.pdf,
SMR-9706,Monorail and Supports,MA011 - Monorail and Supports Installation,300190-Mechanical-Tunnels-Progress Drawings.pdf,
SMR-9707,Monorail and Supports,MA011 - Monorail and Supports Installation,300190-Mechanical-Tunnels-Progress Drawings.pdf,
TFD-9250,TVS Damper,MA005 - TVS Damper Installation,300190-Mechanical-Tunnels-Progress Drawings.pdf,
TFD-9251,TVS Damper,MA005 - TVS Damper Installation,300190-Mechanical-Tunnels-Progress Drawings.pdf,
TFD-9252,TVS Damper,MA005 - TVS Damper Installation,300190-Mechanical-Tunnels-Progress Drawings.pdf,
TFD-9253,TVS Damper,MA005 - TVS Damper Installation,300190-Mechanical-Tunnels-Progress Drawings.pdf,
TFD-9254,TVS Damper,MA005 - TVS Damper Installation,300190-Mechanical-Tunnels-Progress Drawings.pdf,
TFD-9255,TVS Damper,MA005 - TVS Damper Installation,300190-Mechanical-Tunnels-Progress Drawings.pdf,
TFD-9700,TVS Damper,MA005 - TVS Damper Installation,300190-Mechanical-Tunnels-Progress Drawings.pdf,
TFD-9701,TVS Damper,MA005 - TVS Damper Installation,300190-Mechanical-Tunnels-Progress Drawings.pdf,
TFD-9702,TVS Damper,MA005 - TVS Damper Installation,300190-Mechanical-Tunnels-Progress Drawings.pdf,
TFD-9703,TVS Damper,MA005 - TVS Damper Installation,300190-Mechanical-Tunnels-Progress Drawings.pdf,
TFD-9704,TVS Damper,MA005 - TVS Damper Installation,300190-Mechanical-Tunnels-Progress Drawings.pdf,
TFD-9705,TVS Damper,MA005 - TVS Damper Installation,300190-Mechanical-Tunnels-Progress Drawings.pdf,
TFD-9706,TVS Damper,MA005 - TVS Damper Installation,300190-Mechanical-Tunnels-Progress Drawings.pdf,
TVF-9250,Axial Fan,MA008 - Axial Fan Installation,300190-Mechanical-Tunnels-Progress Drawings.pdf,
TVF-9251,Axial Fan,MA008 - Axial Fan Installation,300190-Mechanical-Tunnels-Progress Drawings.pdf,
TVF-9252,Axial Fan,MA008 - Axial Fan Installation,300190-Mechanical-Tunnels-Progress Drawings.pdf,
TVF-9253,Axial Fan,MA008 - Axial Fan Installation,300190-Mechanical-Tunnels-Progress Drawings.pdf,
TVF-9254,Axial Fan,MA008 - Axial Fan Installation,300190-Mechanical-Tunnels-Progress Drawings.pdf,
TVF-9255,Axial Fan,MA008 - Axial Fan Installation,300190-Mechanical-Tunnels-Progress Drawings.pdf,
TVF-9700,Axial Fan,MA008 - Axial Fan Installation,300190-Mechanical-Tunnels-Progress Drawings.pdf,
TVF-9701,Axial Fan,MA008 - Axial Fan Installation,300190-Mechanical-Tunnels-Progress Drawings.pdf,
TVF-9702,Axial Fan,MA008 - Axial Fan Installation,300190-Mechanical-Tunnels-Progress Drawings.pdf,
TVF-9703,Axial Fan,MA008 - Axial Fan Installation,300190-Mechanical-Tunnels-Progress Drawings.pdf,
TVF-9704,Axial Fan,MA008 - Axial Fan Installation,300190-Mechanical-Tunnels-Progress Drawings.pdf,
TVF-9705,Axial Fan,MA008 - Axial Fan Installation,300190-Mechanical-Tunnels-Progress Drawings.pdf,
TVF-9706,Axial Fan,MA008 - Axial Fan Installation,300190-Mechanical-Tunnels-Progress Drawings.pdf,
TWD-9700,TVS Damper,MA005 - TVS Damper Installation,300190-Mechanical-Tunnels-Progress Drawings.pdf,
TWD-9701,TVS Damper,MA005 - TVS Damper Installation,300190-Mechanical-Tunnels-Progress Drawings.pdf,
TWD-9702,TVS Damper,MA005 - TVS Damper Installation,300190-Mechanical-Tunnels-Progress Drawings.pdf,
TWD-9703,TVS Damper,MA005 - TVS Damper Installation,300190-Mechanical-Tunnels-Progress Drawings.pdf,
TWD-9704,TVS Damper,MA005 - TVS Damper Installation,300190-Mechanical-Tunnels-Progress Drawings.pdf,
TWD-9705,TVS Damper,MA005 - TVS Damper Installation,300190-Mechanical-Tunnels-Progress Drawings.pdf,
XCD-9100,TVS Damper,MA005 - TVS Damper Installation,300190-Mechanical-Tunnels-Progress Drawings.pdf,
XCD-9250,TVS Damper,MA005 - TVS Damper Installation,300190-Mechanical-Tunnels-Progress Drawings.pdf,
XCD-9251,TVS Damper,MA005 - TVS Damper Installation,300190-Mechanical-Tunnels-Progress Drawings.pdf,
XCD-9400,TVS Damper,MA005 - TVS Damper Installation,300190-Mechanical-Tunnels-Progress Drawings.pdf,
XCD-9401,TVS Damper,MA005 - TVS Damper Installation,300190-Mechanical-Tunnels-Progress Drawings.pdf,
